start	end	relevance	label
4980	34732	0.004761307965964079	Science
4980	34732	0.002380224410444498	PersonalFinance>PersonalInvesting
4980	34732	0.0010543534299358726	Technology&Computing>Computing>DataStorageAndWarehousing
4980	34732	0.0007997378706932068	Technology&Computing>Computing>Internet>Search
4980	34732	0.0005718392203561962	BusinessAndFinance>Business>MarketingAndAdvertising
4980	34732	0.0005446432041935623	Technology&Computing>ArtificialIntelligence
4980	34732	0.0005068324971944094	Automotive>AutoTechnology>AutoNavigationSystems
4980	34732	0.0004465357924345881	PersonalFinance>PersonalInvesting>HedgeFunds
4980	34732	0.0004200767434667796	Science>Chemistry
4980	34732	0.00040502980118617415	Science>SpaceAndAstronomy
34796	65096	0.7860983610153198	Technology&Computing>Computing>ComputerSoftwareAndApplications>WebConferencing
34796	65096	0.17548629641532898	Hobbies&Interests>ContentProduction
34796	65096	0.0710429698228836	Education>OnlineEducation
34796	65096	0.04595968499779701	Technology&Computing>Computing>Internet>SocialNetworking
34796	65096	0.007303942926228046	Hobbies&Interests>ContentProduction>VideoProduction
34796	65096	0.005983710289001465	Technology&Computing>Computing>Internet>InternetForBeginners
34796	65096	0.002576780505478382	Technology&Computing>Computing>Internet>WebDevelopment
34796	65096	0.0020452295430004597	Careers>RemoteWorking
34796	65096	0.0019505852833390236	Hobbies&Interests>ParanormalPhenomena
34796	65096	0.0014379060594365	Technology&Computing>Computing>ComputerSoftwareAndApplications>VideoSoftware
65278	102580	0.1511685848236084	Education>AdultEducation
65278	102580	0.1180974468588829	NewsAndPolitics>Politics>PoliticalIssues
65278	102580	0.10082582384347916	BusinessAndFinance>Industries>EducationIndustry
65278	102580	0.09717480093240738	Education>OnlineEducation
65278	102580	0.06378196179866791	EventsAndAttractions>PoliticalEvent
65278	102580	0.057938072830438614	Education
65278	102580	0.05533640831708908	Education>EducationalAssessment
65278	102580	0.02270727977156639	NewsAndPolitics>Politics
65278	102580	0.015259729698300362	Education>HomeworkAndStudy
65278	102580	0.013969785533845425	Education>EducationalAssessment>StandardizedTesting
105000	151036	0.010386730544269085	Technology&Computing>ArtificialIntelligence
105000	151036	0.003976084291934967	Technology&Computing>Computing>Internet>InternetOfThings
105000	151036	0.0028490491677075624	Technology&Computing>Computing>DataStorageAndWarehousing
105000	151036	0.002026628004387021	NewsAndPolitics>Weather
105000	151036	0.0018875011010095477	Science
105000	151036	0.001578277675434947	Technology&Computing>Computing>Internet>Search
105000	151036	0.0011449363082647324	Technology&Computing>Computing>Internet>CloudComputing
105000	151036	0.0010217654053121805	Technology&Computing>Robotics
105000	151036	0.0008979581180028617	Automotive>AutoTechnology>AutoNavigationSystems
105000	151036	0.0006989587564021349	PersonalFinance>PersonalInvesting
151068	193464	0.9667195081710815	BusinessAndFinance>Business>ExecutiveLeadership&Management
151068	193464	0.29236605763435364	BusinessAndFinance>Business>BusinessOperations
151068	193464	0.130203977227211	BusinessAndFinance>Business>BusinessAdministration
151068	193464	0.12999308109283447	BusinessAndFinance>Industries>ManagementConsultingIndustry
151068	193464	0.05134725198149681	BusinessAndFinance>Business>Startups
151068	193464	0.028421448543667793	BusinessAndFinance>Business>HumanResources
151068	193464	0.024089941754937172	BusinessAndFinance>Industries>Non-ProfitOrganizations
151068	193464	0.013326294720172882	BusinessAndFinance>Business>GovernmentBusiness
151068	193464	0.007402782794088125	BusinessAndFinance>Business>BusinessBanking&Finance>VentureCapital
151068	193464	0.006597877014428377	BusinessAndFinance>Business>BusinessBanking&Finance>AngelInvestment
193512	226340	0.29296672344207764	Hobbies&Interests>Birdwatching
193512	226340	0.24811069667339325	Science>Environment
193512	226340	0.0934467539191246	Pets>Birds
193512	226340	0.05194326490163803	BusinessAndFinance>Industries>EnvironmentalServicesIndustry
193512	226340	0.024419063702225685	Science>BiologicalSciences
193512	226340	0.007963859476149082	Science
193512	226340	0.007294845301657915	Science>Geography
193512	226340	0.003325296565890312	Home&Garden>Landscaping
193512	226340	0.003169796196743846	NewsAndPolitics>Weather
193512	226340	0.0030256290920078754	Hobbies&Interests>Beekeeping
226420	259440	0.2801126539707184	Education>OnlineEducation
226420	259440	0.1852942258119583	Careers>VocationalTraining
226420	259440	0.09956260025501251	Careers>Apprenticeships
226420	259440	0.08678987622261047	Technology&Computing>Computing>ComputerSoftwareAndApplications>SharewareAndFreeware
226420	259440	0.021215355023741722	Careers>RemoteWorking
226420	259440	0.018883418291807175	Technology&Computing>Computing>Internet>WebDevelopment
226420	259440	0.018617941066622734	BusinessAndFinance>Business>Startups
226420	259440	0.016953254118561745	Hobbies&Interests>ContentProduction
226420	259440	0.013739224523305893	BusinessAndFinance>Industries>InformationServicesIndustry
226420	259440	0.01359656360000372	Hobbies&Interests
259520	298450	0.08458223938941956	BusinessAndFinance>Industries>BiotechAndBiomedicalIndustry
259520	298450	0.04327065870165825	MedicalHealth>MedicalTests
259520	298450	0.009088094346225262	Science>Genetics
259520	298450	0.0079373549669981	MedicalHealth>DiseasesAndConditions>Cancer
259520	298450	0.007183578331023455	MedicalHealth>DiseasesAndConditions>ReproductiveHealth>Infertility
259520	298450	0.005351189058274031	MedicalHealth>DiseasesAndConditions>ReproductiveHealth>Pregnancy
259520	298450	0.004423624835908413	BusinessAndFinance>Business>Startups
259520	298450	0.004390541464090347	HealthyLiving>Wellness>AlternativeMedicine
259520	298450	0.004017836879938841	BusinessAndFinance>Industries>PharmaceuticalIndustry
259520	298450	0.003245957661420107	HealthyLiving>Children'sHealth
303940	341548	0.9126694798469543	Hobbies&Interests>ContentProduction
303940	341548	0.8381574749946594	Technology&Computing>Computing>Internet>SocialNetworking
303940	341548	0.12941762804985046	Hobbies&Interests
303940	341548	0.07374833524227142	Education>OnlineEducation
303940	341548	0.059859953820705414	Careers>RemoteWorking
303940	341548	0.03449293226003647	Technology&Computing>Computing>ComputerSoftwareAndApplications>WebConferencing
303940	341548	0.009903168305754662	EventsAndAttractions>OutdoorActivities
303940	341548	0.005458029452711344	Careers>JobSearch
303940	341548	0.005351008381694555	VideoGaming>VideoGameGenres>MMOs
303940	341548	0.004925921559333801	FineArt>Design
341634	377960	0.8251342177391052	Technology&Computing>ArtificialIntelligence
341634	377960	0.4350889325141907	Technology&Computing>Computing>Internet>InternetOfThings
341634	377960	0.013406451791524887	Home&Garden>SmartHome
341634	377960	0.00512224156409502	Technology&Computing>Robotics
341634	377960	0.004131799563765526	Technology&Computing>Computing>Internet>ITAndInternetSupport
341634	377960	0.0030290731228888035	Technology&Computing>Computing>Internet>SocialNetworking
341634	377960	0.0027337134815752506	Technology&Computing>Computing
341634	377960	0.0021327335853129625	Hobbies&Interests>ContentProduction
341634	377960	0.0020665761549025774	Technology&Computing>Computing>Internet>CloudComputing
341634	377960	0.0020568380132317543	Technology&Computing>ConsumerElectronics>WearableTechnology
379100	393950	0.08863744139671326	Technology&Computing>ArtificialIntelligence
379100	393950	0.003521607257425785	Hobbies&Interests>ContentProduction
379100	393950	0.002795652486383915	Technology&Computing>Computing>Internet>SocialNetworking
379100	393950	0.0022634323686361313	Technology&Computing>Computing>Internet>Search
379100	393950	0.002179420553147793	Education>OnlineEducation
379100	393950	0.0013656722148880363	Science
379100	393950	0.0012693190947175026	Technology&Computing>Computing>DataStorageAndWarehousing
379100	393950	0.0009575707954354584	Technology&Computing>Robotics
379100	393950	0.0008133398951031268	Automotive>AutoType>DriverlessCars
379100	393950	0.0007033417350612581	Technology&Computing>Computing>Internet>CloudComputing
398680	439152	0.1014135479927063	Careers>CareerAdvice
398680	439152	0.08660058677196503	Education>OnlineEducation
398680	439152	0.08535360544919968	Education>CollegeEducation>PostgraduateEducation>ProfessionalSchool
398680	439152	0.06297106295824051	BusinessAndFinance>Industries>Non-ProfitOrganizations
398680	439152	0.03278585523366928	Careers>CareerPlanning
398680	439152	0.022243207320570946	Education>AdultEducation
398680	439152	0.018159041181206703	Hobbies&Interests
398680	439152	0.017626116052269936	Careers
398680	439152	0.01654401235282421	Careers>JobSearch>JobFairs
398680	439152	0.011353768408298492	Careers>VocationalTraining
439296	459320	0.23562785983085632	Careers>CareerAdvice
439296	459320	0.1206328272819519	Careers>CareerPlanning
439296	459320	0.08158044517040253	BusinessAndFinance>Industries>Non-ProfitOrganizations
439296	459320	0.07115188241004944	Education>CollegeEducation>PostgraduateEducation>ProfessionalSchool
439296	459320	0.0608086884021759	BusinessAndFinance>Business>HumanResources
439296	459320	0.04881532862782478	Careers>RemoteWorking
439296	459320	0.04217270389199257	Careers
439296	459320	0.02798588201403618	Education>OnlineEducation
439296	459320	0.015239667147397995	Education>AdultEducation
439296	459320	0.010447442531585693	Hobbies&Interests
459470	484064	0.9503436088562012	BusinessAndFinance>Business>ExecutiveLeadership&Management
459470	484064	0.7347619533538818	BusinessAndFinance>Business>HumanResources
459470	484064	0.0629497766494751	Careers>CareerPlanning
459470	484064	0.036466170102357864	Careers>RemoteWorking
459470	484064	0.019463831558823586	BusinessAndFinance>Industries>Non-ProfitOrganizations
459470	484064	0.011516005732119083	Education>AdultEducation
459470	484064	0.00795163307338953	Education>OnlineEducation
459470	484064	0.006459201220422983	Hobbies&Interests>ContentProduction
459470	484064	0.006438450422137976	Careers>CareerAdvice
459470	484064	0.0063607399351894855	Education>CollegeEducation>PostgraduateEducation>ProfessionalSchool
484182	514412	0.23969873785972595	Careers>Apprenticeships
484182	514412	0.16293500363826752	Careers>CareerAdvice
484182	514412	0.03937984257936478	Careers>CareerPlanning
484182	514412	0.03264846280217171	Careers>RemoteWorking
484182	514412	0.02951009012758732	Careers
484182	514412	0.025073133409023285	Careers>JobSearch
484182	514412	0.02283514477312565	Education>OnlineEducation
484182	514412	0.022155970335006714	Careers>JobSearch>JobFairs
484182	514412	0.01917761191725731	Careers>JobSearch>ResumeWritingAndAdvice
484182	514412	0.017492789775133133	Careers>VocationalTraining
514546	545984	0.016906598582863808	Careers>CareerAdvice
514546	545984	0.006197813432663679	Careers>VocationalTraining
514546	545984	0.005852817557752132	Careers>Apprenticeships
514546	545984	0.00510972086340189	Careers>CareerPlanning
514546	545984	0.002487331861630082	BusinessAndFinance>Industries>ManagementConsultingIndustry
514546	545984	0.0023351749405264854	BusinessAndFinance>Business>HumanResources
514546	545984	0.0018314308254048228	Careers>JobSearch>JobFairs
514546	545984	0.0018060678848996758	BusinessAndFinance>Business>Startups
514546	545984	0.0015874519012868404	Education>OnlineEducation
514546	545984	0.0015437955735251307	BusinessAndFinance>Business>Sales
546112	580332	0.3127027451992035	Careers>Apprenticeships
546112	580332	0.18892903625965118	Careers>VocationalTraining
546112	580332	0.01349013950675726	Education>CollegeEducation>PostgraduateEducation>ProfessionalSchool
546112	580332	0.007988437078893185	Careers>CareerAdvice
546112	580332	0.006004808004945517	Education>OnlineEducation
546112	580332	0.004278320353478193	Careers
546112	580332	0.003043443663045764	Careers>CareerPlanning
546112	580332	0.0012177014723420143	Education>CollegeEducation>PostgraduateEducation
546112	580332	0.0010724171297624707	BusinessAndFinance>Industries>ConstructionIndustry
546112	580332	0.0010372091783210635	Careers>JobSearch>JobFairs
580396	611980	0.0412958525121212	Education>HomeworkAndStudy
580396	611980	0.028115514665842056	Education>OnlineEducation
580396	611980	0.01926550082862377	Careers>VocationalTraining
580396	611980	0.011497423984110355	Careers>Apprenticeships
580396	611980	0.010245056822896004	Education>EducationalAssessment
580396	611980	0.00627228245139122	Careers>CareerAdvice
580396	611980	0.005905117839574814	Hobbies&Interests
580396	611980	0.005805795546621084	BusinessAndFinance>Industries>ConstructionIndustry
580396	611980	0.004984270315617323	BusinessAndFinance>Business>Startups
580396	611980	0.004669832531362772	Education>CollegeEducation>PostgraduateEducation>ProfessionalSchool
614480	654650	0.9930180311203003	Hobbies&Interests>ContentProduction
614480	654650	0.9769123792648315	Technology&Computing>Computing>Internet>SocialNetworking
614480	654650	0.18802626430988312	Technology&Computing>Computing>Internet>InternetForBeginners
614480	654650	0.11077449470758438	Education>OnlineEducation
614480	654650	0.08723778277635574	BusinessAndFinance>Industries>MediaIndustry
614480	654650	0.03937717154622078	Technology&Computing>Computing>Internet
614480	654650	0.025016644969582558	Technology&Computing>Computing>Internet>ITAndInternetSupport
614480	654650	0.02478192374110222	Technology&Computing>Computing>ComputerSoftwareAndApplications>WebConferencing
614480	654650	0.007257475052028894	Careers>RemoteWorking
614480	654650	0.005926213227212429	FineArt>DigitalArts
655420	694736	0.01843513362109661	Technology&Computing>Computing>DataStorageAndWarehousing
655420	694736	0.01722894236445427	Technology&Computing>Computing>Internet>CloudComputing
655420	694736	0.012913432903587818	Technology&Computing>Computing>Internet>WebDevelopment
655420	694736	0.008955767378211021	Technology&Computing>ArtificialIntelligence
655420	694736	0.008207328617572784	Technology&Computing>Computing>ComputerSoftwareAndApplications
655420	694736	0.005976235494017601	Technology&Computing>Computing
655420	694736	0.004412883892655373	Technology&Computing>Computing>ComputerSoftwareAndApplications>WebConferencing
655420	694736	0.00431574322283268	Technology&Computing>Computing>Internet>InternetOfThings
655420	694736	0.003742176340892911	Home&Garden>SmartHome
655420	694736	0.003727896371856332	Technology&Computing>Robotics
694848	720808	0.9987142086029053	Technology&Computing>Robotics
694848	720808	0.020892197266221046	Technology&Computing>ArtificialIntelligence
694848	720808	0.0030377081129699945	Shopping>Children'sGamesAndToys
694848	720808	0.002608563983812928	Automotive>AutoType>DriverlessCars
694848	720808	0.0016972679877653718	Hobbies&Interests>ModelToys
694848	720808	0.0010945606045424938	Technology&Computing>Computing>Internet>InternetOfThings
694848	720808	0.0009963565971702337	VideoGaming>VideoGameGenres>SimulationVideoGames
694848	720808	0.0008602467714808881	Automotive>AutoBodyStyles>Off-RoadVehicles
694848	720808	0.0008388854330405593	Technology&Computing>Computing
694848	720808	0.0007437138701789081	Technology&Computing
720984	752660	0.2513132691383362	Technology&Computing>Computing>ProgrammingLanguages
720984	752660	0.0054214997217059135	Technology&Computing>Computing>DataStorageAndWarehousing
720984	752660	0.0048463959246873856	Technology&Computing>Computing>ComputerSoftwareAndApplications>Databases
720984	752660	0.004086303059011698	Technology&Computing>Computing>Internet>WebDevelopment
720984	752660	0.0040533714927732944	Science
720984	752660	0.0023506619036197662	Technology&Computing>Computing
720984	752660	0.0020026727579534054	Technology&Computing>Computing>Internet>Search
720984	752660	0.0016745914472267032	Technology&Computing>ArtificialIntelligence
720984	752660	0.0012588012032210827	Technology&Computing>Computing>ComputerSoftwareAndApplications
720984	752660	0.0007563283434137702	Technology&Computing>Computing>Internet>WebDesignAndHTML
752820	784832	0.10521221905946732	Science
752820	784832	0.0805707722902298	Technology&Computing>ArtificialIntelligence
752820	784832	0.02666708640754223	NewsAndPolitics>Politics>PoliticalIssues
752820	784832	0.01405598595738411	EventsAndAttractions>PoliticalEvent
752820	784832	0.010097337886691093	Technology&Computing>Computing>Internet>SocialNetworking
752820	784832	0.006700037978589535	Hobbies&Interests>ContentProduction
752820	784832	0.005398761481046677	Education>OnlineEducation
752820	784832	0.0027353831101208925	BusinessAndFinance>Business>MarketingAndAdvertising
752820	784832	0.0026859063655138016	Technology&Computing>Computing>Internet>Search
752820	784832	0.0025977161712944508	NewsAndPolitics>Politics
784966	825060	0.9473814368247986	Technology&Computing>Computing>ComputerSoftwareAndApplications>WebConferencing
784966	825060	0.0886276438832283	Education>OnlineEducation
784966	825060	0.025585485622286797	Hobbies&Interests>ContentProduction
784966	825060	0.009904253296554089	Careers>RemoteWorking
784966	825060	0.006628460716456175	Technology&Computing>Computing>Internet>WebDevelopment
784966	825060	0.004683078266680241	Technology&Computing>Computing>Internet>InternetForBeginners
784966	825060	0.004386114422231913	Technology&Computing>Computing>Internet>SocialNetworking
784966	825060	0.0011900324607267976	VideoGaming>VideoGameGenres>MMOs
784966	825060	0.001155738951638341	EventsAndAttractions>FanConventions
784966	825060	0.0011141669237986207	PersonalFinance>HomeUtilities>PhoneServices
825130	863170	0.7632099986076355	Education>OnlineEducation
825130	863170	0.10712912678718567	Science
825130	863170	0.04295513778924942	BusinessAndFinance>Industries>EducationIndustry
825130	863170	0.02521941065788269	Science>Physics
825130	863170	0.022266792133450508	Education
825130	863170	0.015131751075387001	Technology&Computing
825130	863170	0.014496888034045696	Education>EducationalAssessment
825130	863170	0.011480976827442646	Technology&Computing>Computing>Internet>ITAndInternetSupport
825130	863170	0.009141871705651283	Science>Chemistry
825130	863170	0.006503126583993435	Education>CollegeEducation
863700	895322	0.03723641112446785	Education>EducationalAssessment
863700	895322	0.02662593498826027	Education>OnlineEducation
863700	895322	0.006056591868400574	Education>EducationalAssessment>StandardizedTesting
863700	895322	0.00400160439312458	BusinessAndFinance>Industries>EducationIndustry
863700	895322	0.0017582637956365943	Science
863700	895322	0.001341428840532899	Careers>VocationalTraining
863700	895322	0.0010271951323375106	Education>CollegeEducation
863700	895322	0.0004993777256458998	Education
863700	895322	0.00048701613559387624	BusinessAndFinance>Business>BusinessOperations
863700	895322	0.00047619102406315506	Education>HomeworkAndStudy
895466	950480	0.9753290414810181	Education
895466	950480	0.9730695486068726	BusinessAndFinance>Industries>EducationIndustry
895466	950480	0.7248615622520447	Education>EducationalAssessment
895466	950480	0.5519558787345886	Education>AdultEducation
895466	950480	0.2479371428489685	Careers>VocationalTraining
895466	950480	0.08978181332349777	Education>OnlineEducation
895466	950480	0.07815715670585632	Education>SecondaryEducation
895466	950480	0.05718299373984337	Education>EducationalAssessment>StandardizedTesting
895466	950480	0.04575350135564804	Education>CollegeEducation>PostgraduateEducation>ProfessionalSchool
895466	950480	0.031291328370571136	Education>EarlyChildhoodEducation
950930	987130	0.7352454662322998	Education>CollegeEducation>PostgraduateEducation>ProfessionalSchool
950930	987130	0.4987531006336212	Education>EducationalAssessment
950930	987130	0.22334714233875275	Careers>VocationalTraining
950930	987130	0.10546094179153442	Education>OnlineEducation
950930	987130	0.07191880792379379	BusinessAndFinance>Industries>EducationIndustry
950930	987130	0.05146104469895363	Careers>CareerPlanning
950930	987130	0.04973467439413071	BusinessAndFinance>Business>BusinessAdministration
950930	987130	0.042504142969846725	Education>AdultEducation
950930	987130	0.040297117084264755	Careers>CareerAdvice
950930	987130	0.02396322786808014	Education>CollegeEducation>PostgraduateEducation
987280	1026658	0.9383929371833801	Technology&Computing>ArtificialIntelligence
987280	1026658	0.35275083780288696	Technology&Computing
987280	1026658	0.21099238097667694	Science
987280	1026658	0.04605736956000328	Technology&Computing>Computing
987280	1026658	0.03020975925028324	BusinessAndFinance>Industries>TechnologyIndustry
987280	1026658	0.021937500685453415	Technology&Computing>Robotics
987280	1026658	0.006290325429290533	Technology&Computing>Computing>Internet>InternetOfThings
987280	1026658	0.005167002789676189	Science>Physics
987280	1026658	0.0035547667648643255	Technology&Computing>Computing>ProgrammingLanguages
987280	1026658	0.0024472379591315985	BusinessAndFinance>Business>BusinessI.T.
1026844	1057614	0.07155954092741013	Science
1026844	1057614	0.004219462629407644	Technology&Computing>Computing>DataStorageAndWarehousing
1026844	1057614	0.0018933357205241919	Education>EducationalAssessment
1026844	1057614	0.0015928903594613075	Technology&Computing>Computing>Internet>Search
1026844	1057614	0.0011295414296910167	Education>OnlineEducation
1026844	1057614	0.0009157379972748458	Technology&Computing>ArtificialIntelligence
1026844	1057614	0.0008279871544800699	BusinessAndFinance>Business>MarketingAndAdvertising
1026844	1057614	0.0007567770662717521	Science>Geography
1026844	1057614	0.0006950402748771012	Technology&Computing>Computing>ComputerSoftwareAndApplications>Databases
1026844	1057614	0.0005442646215669811	Hobbies&Interests>ParanormalPhenomena
1057662	1086570	0.9966938495635986	HealthyLiving>Wellness>PhysicalTherapy
1057662	1086570	0.0855400487780571	Education>CollegeEducation>PostgraduateEducation>ProfessionalSchool
1057662	1086570	0.03876250982284546	Education>AdultEducation
1057662	1086570	0.03238575533032417	Education>OnlineEducation
1057662	1086570	0.027303362265229225	Education>HomeworkAndStudy
1057662	1086570	0.023441007360816002	Education>SpecialEducation
1057662	1086570	0.02326379530131817	Education>LanguageLearning
1057662	1086570	0.019073069095611572	Education>EarlyChildhoodEducation
1057662	1086570	0.015074263326823711	Education>EducationalAssessment
1057662	1086570	0.010729978792369366	VideoGaming>VideoGameGenres>EducationalVideoGames
1086910	1133238	0.10476302355527878	BusinessAndFinance>Industries>MechanicalAndIndustrialEngineeringIndustry
1086910	1133238	0.06870553642511368	BusinessAndFinance>Business>BusinessOperations
1086910	1133238	0.031660161912441254	BusinessAndFinance>Business>ExecutiveLeadership&Management
1086910	1133238	0.02474495768547058	Technology&Computing>Computing
1086910	1133238	0.02275962196290493	BusinessAndFinance>Business>Logistics
1086910	1133238	0.02092599868774414	BusinessAndFinance>Business>BusinessI.T.
1086910	1133238	0.014296118170022964	Technology&Computing>ArtificialIntelligence
1086910	1133238	0.011285222135484219	Technology&Computing>Computing>ComputerSoftwareAndApplications
1086910	1133238	0.009873048402369022	FineArt>Design
1086910	1133238	0.007969746366143227	Technology&Computing>Computing>DataStorageAndWarehousing
1133334	1163326	0.004935267847031355	Science
1133334	1163326	0.0028775378596037626	Technology&Computing>Computing>Internet>Search
1133334	1163326	0.0024594012647867203	BusinessAndFinance>Business>MarketingAndAdvertising
1133334	1163326	0.0020327118691056967	Technology&Computing>ArtificialIntelligence
1133334	1163326	0.0017447102582082152	Hobbies&Interests>ContentProduction
1133334	1163326	0.0015025724424049258	Education>OnlineEducation
1133334	1163326	0.0011693270644173026	Technology&Computing>Computing>DataStorageAndWarehousing
1133334	1163326	0.000959536642767489	Technology&Computing>Computing>ProgrammingLanguages
1133334	1163326	0.0007389765814878047	Education>EducationalAssessment
1133334	1163326	0.0006260566296987236	Technology&Computing>Computing>Internet>SocialNetworking
1163518	1205298	0.7970261573791504	Education>AdultEducation
1163518	1205298	0.48915669322013855	Education>OnlineEducation
1163518	1205298	0.09484698623418808	Education>EarlyChildhoodEducation
1163518	1205298	0.09288538247346878	Education
1163518	1205298	0.058681923896074295	Hobbies&Interests>ContentProduction
1163518	1205298	0.04503743350505829	Education>CollegeEducation>PostgraduateEducation>ProfessionalSchool
1163518	1205298	0.03200226277112961	Education>HomeworkAndStudy
1163518	1205298	0.029865458607673645	Hobbies&Interests>ContentProduction>FreelanceWriting
1163518	1205298	0.02451678179204464	Education>EducationalAssessment
1163518	1205298	0.02294069342315197	BooksAndLiterature>YoungAdultLiterature
1205464	1234406	0.9920344948768616	Science>Physics
1205464	1234406	0.3805122971534729	Science
1205464	1234406	0.10954487323760986	Science>Chemistry
1205464	1234406	0.02070474997162819	Science>SpaceAndAstronomy
1205464	1234406	0.004427236504852772	Hobbies&Interests>ParanormalPhenomena
1205464	1234406	0.001360046211630106	Technology&Computing>ArtificialIntelligence
1205464	1234406	0.0011063547572121024	Religion&Spirituality>Spirituality
1205464	1234406	0.0006957673467695713	Religion&Spirituality>Astrology
1205464	1234406	0.0005407891585491598	Technology&Computing>Computing
1205464	1234406	0.00045063678408041596	Science>BiologicalSciences
1234518	1273094	0.9470260143280029	Technology&Computing>Computing>ProgrammingLanguages
1234518	1273094	0.7046521902084351	Technology&Computing>ArtificialIntelligence
1234518	1273094	0.05596350505948067	Technology&Computing>Computing
1234518	1273094	0.004991283640265465	Technology&Computing>Robotics
1234518	1273094	0.003201529150828719	Technology&Computing>Computing>ComputerSoftwareAndApplications>Databases
1234518	1273094	0.003043118165805936	Technology&Computing>Computing>DataStorageAndWarehousing
1234518	1273094	0.0024391738697886467	VideoGaming>VideoGameGenres>SimulationVideoGames
1234518	1273094	0.00236936891451478	Technology&Computing>Computing>ComputerSoftwareAndApplications
1234518	1273094	0.001523815211839974	Technology&Computing
1234518	1273094	0.001335760811343789	Education>LanguageLearning
1273212	1316814	0.6119807362556458	Technology&Computing>Computing>ProgrammingLanguages
1273212	1316814	0.07924074679613113	Education>OnlineEducation
1273212	1316814	0.0693233534693718	Technology&Computing>Computing>Internet>WebDevelopment
1273212	1316814	0.03468148037791252	Education>LanguageLearning
1273212	1316814	0.030471082776784897	Technology&Computing>Computing>ComputerSoftwareAndApplications
1273212	1316814	0.026885956525802612	Technology&Computing>Computing>DataStorageAndWarehousing
1273212	1316814	0.0148279694840312	Technology&Computing>Computing
1273212	1316814	0.0125508988276124	Technology&Computing>Computing>ComputerSoftwareAndApplications>Databases
1273212	1316814	0.006827685050666332	Technology&Computing>Computing>Internet>WebDesignAndHTML
1273212	1316814	0.004466047044843435	Technology&Computing>Computing>Internet>Search
1316942	1366440	0.715502917766571	Science>Physics
1316942	1366440	0.07907270640134811	Technology&Computing
1316942	1366440	0.07133109867572784	Technology&Computing>Computing
1316942	1366440	0.04513472691178322	Science
1316942	1366440	0.026197390630841255	Technology&Computing>ArtificialIntelligence
1316942	1366440	0.013584316708147526	Automotive>AutoTechnology
1316942	1366440	0.010587388649582863	Science>Chemistry
1316942	1366440	0.006888825446367264	Automotive>AutoType>ConceptCars
1316942	1366440	0.005429980810731649	BusinessAndFinance>Industries>TechnologyIndustry
1316942	1366440	0.003498281817883253	Automotive>AutoType>DriverlessCars
1367130	1406926	0.9889800548553467	Education>OnlineEducation
1367130	1406926	0.25820571184158325	Technology&Computing>Computing>ComputerSoftwareAndApplications>WebConferencing
1367130	1406926	0.11591777950525284	Hobbies&Interests>ContentProduction
1367130	1406926	0.021434104070067406	Education>LanguageLearning
1367130	1406926	0.01601964421570301	Education>EducationalAssessment
1367130	1406926	0.012914204970002174	Education>AdultEducation
1367130	1406926	0.008310114033520222	Technology&Computing>Computing>Internet>WebDevelopment
1367130	1406926	0.0030388706363737583	Technology&Computing>Computing>Internet>SocialNetworking
1367130	1406926	0.002474934095516801	Hobbies&Interests>ContentProduction>FreelanceWriting
1367130	1406926	0.0019230428151786327	Hobbies&Interests>ContentProduction>Screenwriting
1407038	1435306	0.22816726565361023	Science>Physics
1407038	1435306	0.022330395877361298	Science
1407038	1435306	0.01642710715532303	Science>Chemistry
1407038	1435306	0.0073980470187962055	Science>SpaceAndAstronomy
1407038	1435306	0.0070009538903832436	Technology&Computing
1407038	1435306	0.006347418297082186	Technology&Computing>Computing>Internet>ITAndInternetSupport
1407038	1435306	0.003472589422017336	Technology&Computing>Computing>Internet>InternetForBeginners
1407038	1435306	0.0028518764302134514	Education>OnlineEducation
1407038	1435306	0.0027413289062678814	Technology&Computing>ArtificialIntelligence
1407038	1435306	0.0020297812297940254	Technology&Computing>Computing>ComputerNetworking
1435408	1480700	0.9612746238708496	Technology&Computing
1435408	1480700	0.9419265985488892	BusinessAndFinance>Industries>TechnologyIndustry
1435408	1480700	0.8290327191352844	Science
1435408	1480700	0.8198559880256653	Science>Physics
1435408	1480700	0.06421555578708649	Technology&Computing>Computing
1435408	1480700	0.043980203568935394	BusinessAndFinance>Industries>MechanicalAndIndustrialEngineeringIndustry
1435408	1480700	0.013923214748501778	Science>Chemistry
1435408	1480700	0.011447214521467686	BusinessAndFinance>Industries>InformationServicesIndustry
1435408	1480700	0.010538400150835514	Technology&Computing>Computing>Internet>ITAndInternetSupport
1435408	1480700	0.00826557632535696	Technology&Computing>ArtificialIntelligence
1481070	1529260	0.5177986025810242	Science>Physics
1481070	1529260	0.2803398370742798	Science
1481070	1529260	0.13189387321472168	Science>Chemistry
1481070	1529260	0.0815591961145401	Technology&Computing
1481070	1529260	0.03755749762058258	Science>SpaceAndAstronomy
1481070	1529260	0.03724000230431557	Technology&Computing>Computing
1481070	1529260	0.01873689331114292	BusinessAndFinance>Industries>TechnologyIndustry
1481070	1529260	0.012321903370320797	Technology&Computing>Computing>Internet>InternetOfThings
1481070	1529260	0.009081535041332245	Technology&Computing>ArtificialIntelligence
1481070	1529260	0.00906226597726345	Technology&Computing>Computing>Internet>ITAndInternetSupport
1529950	1565058	0.21581566333770752	Home&Garden>Landscaping
1529950	1565058	0.08421774208545685	Style&Fashion>BodyArt
1529950	1565058	0.05489431321620941	FineArt>DigitalArts
1529950	1565058	0.027970189228653908	BooksAndLiterature>ArtAndPhotographyBooks
1529950	1565058	0.02626684121787548	EventsAndAttractions>HistoricSiteAndLandmarkTours
1529950	1565058	0.023904791101813316	RealEstate>DevelopmentalSites
1529950	1565058	0.023741642013192177	EventsAndAttractions>Museums&Galleries
1529950	1565058	0.022426674142479897	Home&Garden>OutdoorDecorating
1529950	1565058	0.02032843604683876	Science>Environment
1529950	1565058	0.01894395798444748	Science>Geography
1565234	1597918	0.4359607994556427	Education>OnlineEducation
1565234	1597918	0.40824711322784424	Education>AdultEducation
1565234	1597918	0.029903018847107887	Hobbies&Interests>ContentProduction
1565234	1597918	0.022187061607837677	EventsAndAttractions>PoliticalEvent
1565234	1597918	0.015024292282760143	NewsAndPolitics>Politics>PoliticalIssues
1565234	1597918	0.014955323189496994	BusinessAndFinance>Industries>EducationIndustry
1565234	1597918	0.013981383293867111	Science
1565234	1597918	0.01163630560040474	Hobbies&Interests>ContentProduction>FreelanceWriting
1565234	1597918	0.010882641188800335	NewsAndPolitics>Politics
1565234	1597918	0.009192503057420254	Education
1598084	1634612	0.3609057068824768	NewsAndPolitics>Politics>PoliticalIssues
1598084	1634612	0.18606242537498474	EventsAndAttractions>PoliticalEvent
1598084	1634612	0.02927817590534687	Technology&Computing>Computing>Internet>SocialNetworking
1598084	1634612	0.026677796617150307	NewsAndPolitics>Politics
1598084	1634612	0.02374267578125	Science
1598084	1634612	0.011820386163890362	Hobbies&Interests>ContentProduction
1598084	1634612	0.009033463895320892	Education>OnlineEducation
1598084	1634612	0.003215724602341652	Technology&Computing>ArtificialIntelligence
1598084	1634612	0.0025516441091895103	Education>EducationalAssessment
1598084	1634612	0.0016560276271775365	Education>HomeworkAndStudy
1634756	1689396	0.8778021335601807	Science
1634756	1689396	0.6206420660018921	Science>Physics
1634756	1689396	0.06927608698606491	Science>Chemistry
1634756	1689396	0.006449016276746988	NewsAndPolitics>Politics>PoliticalIssues
1634756	1689396	0.004041575361043215	Science>SpaceAndAstronomy
1634756	1689396	0.00325963506475091	NewsAndPolitics>Politics
1634756	1689396	0.0029110515024513006	EventsAndAttractions>PoliticalEvent
1634756	1689396	0.0026253985706716776	Hobbies&Interests>ParanormalPhenomena
1634756	1689396	0.002125763101503253	BusinessAndFinance>Economy>Commodities
1634756	1689396	0.0014974731020629406	PersonalFinance>PersonalInvesting
1689508	1719408	0.04582589492201805	VideoGaming>ESports
1689508	1719408	0.0306093730032444	Television>SportsTV
1689508	1719408	0.015471694059669971	MusicAndAudio>SportsRadio
1689508	1719408	0.009063242934644222	Technology&Computing>Computing>ComputerSoftwareAndApplications>WebConferencing
1689508	1719408	0.00440908782184124	EventsAndAttractions>FanConventions
1689508	1719408	0.002429274609312415	Sports>FantasySports
1689508	1719408	0.002421957440674305	MusicAndAudio>TalkRadio
1689508	1719408	0.0022768410854041576	Hobbies&Interests>ContentProduction>VideoProduction
1689508	1719408	0.0015043977182358503	Hobbies&Interests>ContentProduction
1689508	1719408	0.0013966226251795888	Television>SpecialInterestTV
1719584	1747112	0.9776301383972168	EventsAndAttractions>PoliticalEvent
1719584	1747112	0.9754781723022461	NewsAndPolitics>Politics>PoliticalIssues
1719584	1747112	0.8792797327041626	NewsAndPolitics>Politics
1719584	1747112	0.025508014485239983	Science
1719584	1747112	0.004088364541530609	Hobbies&Interests>ContentProduction
1719584	1747112	0.003387631382793188	Technology&Computing>Computing>Internet>SocialNetworking
1719584	1747112	0.0027198237366974354	BusinessAndFinance>Industries>MediaIndustry
1719584	1747112	0.001904025673866272	NewsAndPolitics>Politics>Elections
1719584	1747112	0.0014849549625068903	BusinessAndFinance>Economy
1719584	1747112	0.0013592770555987954	BusinessAndFinance>Business>ExecutiveLeadership&Management
1747256	1785588	0.899195671081543	Hobbies&Interests>ContentProduction
1747256	1785588	0.7476032376289368	Technology&Computing>Computing>ComputerSoftwareAndApplications>WebConferencing
1747256	1785588	0.09042058885097504	Technology&Computing>Computing>Internet>SocialNetworking
1747256	1785588	0.08945282548666	Education>OnlineEducation
1747256	1785588	0.0347091406583786	Technology&Computing>Computing>Internet>InternetForBeginners
1747256	1785588	0.026989281177520752	Technology&Computing>Computing>Internet>WebDevelopment
1747256	1785588	0.015862317755818367	Hobbies&Interests>ContentProduction>VideoProduction
1747256	1785588	0.0067013930529356	Science
1747256	1785588	0.004615625366568565	MusicAndAudio>TalkRadio
1747256	1785588	0.004159305710345507	Careers>RemoteWorking
1785764	1804284	0.971907913684845	Technology&Computing>Computing>ComputerSoftwareAndApplications>WebConferencing
1785764	1804284	0.5786775946617126	Hobbies&Interests>ContentProduction>VideoProduction
1785764	1804284	0.2573398947715759	Hobbies&Interests>ContentProduction
1785764	1804284	0.051492925733327866	Education>OnlineEducation
1785764	1804284	0.04792790487408638	Technology&Computing>Computing>Internet>WebDevelopment
1785764	1804284	0.04429316148161888	Careers>RemoteWorking
1785764	1804284	0.019018739461898804	Technology&Computing>Computing>ComputerSoftwareAndApplications>VideoSoftware
1785764	1804284	0.007712349761277437	Hobbies&Interests>ContentProduction>Screenwriting
1785764	1804284	0.007308303844183683	Technology&Computing>Computing>Internet>WebDesignAndHTML
1785764	1804284	0.005328099709004164	Technology&Computing>Computing>Internet>WebHosting
1804412	1839770	0.7798828482627869	Technology&Computing>Computing>ComputerSoftwareAndApplications>WebConferencing
1804412	1839770	0.43681785464286804	Hobbies&Interests>ContentProduction
1804412	1839770	0.07664704322814941	Hobbies&Interests>ContentProduction>VideoProduction
1804412	1839770	0.01975543610751629	MusicAndAudio>TalkRadio
1804412	1839770	0.008654014207422733	EventsAndAttractions>FanConventions
1804412	1839770	0.008014032617211342	Careers>RemoteWorking
1804412	1839770	0.0053053563460707664	BusinessAndFinance>Industries>MediaIndustry
1804412	1839770	0.004661152139306068	Technology&Computing>Computing>Internet>WebDevelopment
1804412	1839770	0.004346449393779039	VideoGaming>ESports
1804412	1839770	0.002701769582927227	EventsAndAttractions>BusinessExpos&Conferences
1840300	1865052	0.3933008909225464	Hobbies&Interests>ContentProduction>VideoProduction
1840300	1865052	0.3747200071811676	Technology&Computing>Computing>ComputerSoftwareAndApplications>WebConferencing
1840300	1865052	0.1896306872367859	Hobbies&Interests>ContentProduction
1840300	1865052	0.057260774075984955	Technology&Computing>Computing>ComputerSoftwareAndApplications>VideoSoftware
1840300	1865052	0.05197013169527054	Education>OnlineEducation
1840300	1865052	0.011858293786644936	Hobbies&Interests>ContentProduction>Screenwriting
1840300	1865052	0.0023934883065521717	Technology&Computing>Computing>Internet>WebDevelopment
1840300	1865052	0.0018699131906032562	Technology&Computing>Computing>Internet>SocialNetworking
1840300	1865052	0.0017545252339914441	FineArt>Design
1840300	1865052	0.0012521144235506654	Careers>RemoteWorking
1865126	1897708	0.522190272808075	Hobbies&Interests>ContentProduction
1865126	1897708	0.19364392757415771	Technology&Computing>Computing>Internet>SocialNetworking
1865126	1897708	0.04842290282249451	Education>OnlineEducation
1865126	1897708	0.019298188388347626	Technology&Computing>Computing>ComputerSoftwareAndApplications>WebConferencing
1865126	1897708	0.009426462464034557	Education>EducationalAssessment
1865126	1897708	0.007199143525213003	Science
1865126	1897708	0.0048260148614645	NewsAndPolitics>Politics>PoliticalIssues
1865126	1897708	0.003929075784981251	Technology&Computing>ArtificialIntelligence
1865126	1897708	0.0035875379107892513	Hobbies&Interests>ContentProduction>FreelanceWriting
1865126	1897708	0.0035154600627720356	PersonalFinance>PersonalInvesting
1897874	1918580	0.5560577511787415	Technology&Computing>Computing>ComputerSoftwareAndApplications>WebConferencing
1897874	1918580	0.026938028633594513	EventsAndAttractions>FanConventions
1897874	1918580	0.01353023387491703	EventsAndAttractions>BusinessExpos&Conferences
1897874	1918580	0.0038502044044435024	Careers>RemoteWorking
1897874	1918580	0.00312460632994771	MusicAndAudio>SportsRadio
1897874	1918580	0.0029989718459546566	Hobbies&Interests>ContentProduction
1897874	1918580	0.0027802905533462763	VideoGaming>VideoGameGenres>MMOs
1897874	1918580	0.0024095787666738033	MusicAndAudio>TalkRadio
1897874	1918580	0.0018139033345505595	EventsAndAttractions>Concerts&MusicEvents
1897874	1918580	0.0016107215778902173	Education>OnlineEducation
1925280	1977260	0.8255345225334167	Hobbies&Interests>ContentProduction
1925280	1977260	0.6999180316925049	Technology&Computing>Computing>ComputerSoftwareAndApplications>WebConferencing
1925280	1977260	0.09199079126119614	Technology&Computing>Computing>Internet>SocialNetworking
1925280	1977260	0.06169913336634636	Hobbies&Interests>ContentProduction>VideoProduction
1925280	1977260	0.023688072338700294	Technology&Computing>Computing>Internet>WebDevelopment
1925280	1977260	0.021923456341028214	Education>OnlineEducation
1925280	1977260	0.014092820696532726	Technology&Computing>Computing>Internet>InternetForBeginners
1925280	1977260	0.008146255277097225	Careers>RemoteWorking
1925280	1977260	0.007253882475197315	Technology&Computing>VirtualReality
1925280	1977260	0.0053407070226967335	BusinessAndFinance>Industries>EntertainmentIndustry
1977600	1998848	0.9862777590751648	Technology&Computing>Computing>ComputerSoftwareAndApplications>WebConferencing
1977600	1998848	0.7214682102203369	Hobbies&Interests>ContentProduction
1977600	1998848	0.19497105479240417	Education>OnlineEducation
1977600	1998848	0.1285703182220459	Technology&Computing>Computing>Internet>WebDevelopment
1977600	1998848	0.0228953268378973	Hobbies&Interests>ContentProduction>VideoProduction
1977600	1998848	0.016326958313584328	Technology&Computing>Computing>Internet>ITAndInternetSupport
1977600	1998848	0.015377696603536606	Technology&Computing>Computing>ComputerSoftwareAndApplications>DesktopPublishing
1977600	1998848	0.014312906190752983	Technology&Computing>Computing>Internet>SocialNetworking
1977600	1998848	0.014179416000843048	Technology&Computing>Computing>Internet>InternetForBeginners
1977600	1998848	0.012062977068126202	Technology&Computing>Computing>ComputerSoftwareAndApplications>VideoSoftware
1998944	2029304	0.07302841544151306	Hobbies&Interests>ContentProduction
1998944	2029304	0.05926890671253204	Education>OnlineEducation
1998944	2029304	0.018575293943285942	Technology&Computing>Computing>ComputerSoftwareAndApplications>WebConferencing
1998944	2029304	0.01379345078021288	Technology&Computing>Computing>ComputerSoftwareAndApplications>DesktopPublishing
1998944	2029304	0.01003805361688137	Education>EducationalAssessment
1998944	2029304	0.009478989988565445	Technology&Computing>Computing>Internet>Search
1998944	2029304	0.007865430787205696	Technology&Computing>Computing>Internet>WebDevelopment
1998944	2029304	0.004048121627420187	BusinessAndFinance>Industries>PublishingIndustry
1998944	2029304	0.0037440648302435875	Hobbies&Interests>ContentProduction>FreelanceWriting
1998944	2029304	0.0029993909411132336	Technology&Computing>ArtificialIntelligence
2029432	2059480	0.828689694404602	Technology&Computing>Computing>Internet>CloudComputing
2029432	2059480	0.7155317068099976	Technology&Computing>Computing>ComputerSoftwareAndApplications>WebConferencing
2029432	2059480	0.1918250024318695	Technology&Computing>Computing>Internet>WebHosting
2029432	2059480	0.14595897495746613	Technology&Computing>Computing>Internet>WebDevelopment
2029432	2059480	0.0843563973903656	Education>LanguageLearning
2029432	2059480	0.020142806693911552	Education>OnlineEducation
2029432	2059480	0.019048035144805908	Technology&Computing>Computing>Internet>ITAndInternetSupport
2029432	2059480	0.011283418163657188	Technology&Computing>Computing>Internet>InternetOfThings
2029432	2059480	0.009255735203623772	Technology&Computing>Computing>ComputerSoftwareAndApplications
2029432	2059480	0.006358697544783354	Hobbies&Interests>ContentProduction
2059550	2104550	0.41444212198257446	Science
2059550	2104550	0.19417491555213928	Hobbies&Interests>ContentProduction
2059550	2104550	0.044762637466192245	Hobbies&Interests>ParanormalPhenomena
2059550	2104550	0.020405897870659828	Technology&Computing>ArtificialIntelligence
2059550	2104550	0.020182739943265915	Technology&Computing>Computing>Internet>SocialNetworking
2059550	2104550	0.012132924981415272	Education>OnlineEducation
2059550	2104550	0.008683957159519196	Religion&Spirituality>Astrology
2059550	2104550	0.005455783102661371	Religion&Spirituality>Spirituality
2059550	2104550	0.002624155255034566	Technology&Computing>Computing>Internet>Search
2059550	2104550	0.0024185036309063435	Hobbies&Interests>Sci-fiAndFantasy
2106220	2158712	0.9961013793945312	Technology&Computing>Computing>ProgrammingLanguages
2106220	2158712	0.11866621673107147	Technology&Computing>Computing
2106220	2158712	0.03690764307975769	Technology&Computing>Computing>ComputerSoftwareAndApplications
2106220	2158712	0.022381655871868134	Technology&Computing>Computing>Internet>WebDevelopment
2106220	2158712	0.007923359051346779	Technology&Computing>Computing>Internet>WebDesignAndHTML
2106220	2158712	0.006255047395825386	Technology&Computing>ArtificialIntelligence
2106220	2158712	0.0036604355555027723	Education>LanguageLearning
2106220	2158712	0.003347821068018675	Technology&Computing
2106220	2158712	0.002683002268895507	Technology&Computing>Computing>ComputerSoftwareAndApplications>DesktopPublishing
2106220	2158712	0.0022520218044519424	FineArt>Design
2158846	2194880	0.9436785578727722	Education>OnlineEducation
2158846	2194880	0.9105159640312195	Education>LanguageLearning
2158846	2194880	0.5009998679161072	Technology&Computing>Computing>ComputerSoftwareAndApplications>WebConferencing
2158846	2194880	0.04086591675877571	Education>AdultEducation
2158846	2194880	0.03074895404279232	Education>EducationalAssessment
2158846	2194880	0.016812456771731377	Hobbies&Interests>ContentProduction
2158846	2194880	0.007377252448350191	Technology&Computing>Computing>Internet>WebDevelopment
2158846	2194880	0.0024690867867320776	Hobbies&Interests>ContentProduction>VideoProduction
2158846	2194880	0.002430317457765341	BusinessAndFinance>Industries>EducationIndustry
2158846	2194880	0.0023934098426252604	Hobbies&Interests>ContentProduction>Screenwriting
2195040	2226188	0.9716051816940308	Technology&Computing>Robotics
2195040	2226188	0.12395599484443665	Technology&Computing>ArtificialIntelligence
2195040	2226188	0.0087797362357378	Technology&Computing>Computing>Internet>InternetOfThings
2195040	2226188	0.00242928066290915	Home&Garden>SmartHome
2195040	2226188	0.0017735670553520322	Technology&Computing>Computing>Internet>CloudComputing
2195040	2226188	0.0015374894719570875	Technology&Computing>Computing
2195040	2226188	0.0013315591495484114	Technology&Computing
2195040	2226188	0.0010680732084438205	Automotive>AutoType>DriverlessCars
2195040	2226188	0.0010544814867898822	VideoGaming>VideoGameGenres>SimulationVideoGames
2195040	2226188	0.0006046578637324274	Technology&Computing>Computing>ComputerSoftwareAndApplications>OperatingSystems
2226354	2264248	0.3549549877643585	Education>LanguageLearning
2226354	2264248	0.2999322712421417	Technology&Computing>ArtificialIntelligence
2226354	2264248	0.15773119032382965	Technology&Computing>Computing>ProgrammingLanguages
2226354	2264248	0.008387506008148193	Technology&Computing>Computing
2226354	2264248	0.004821292590349913	Education>OnlineEducation
2226354	2264248	0.004058466292917728	FamilyAndRelationships>Parenting>ParentingBabiesAndToddlers
2226354	2264248	0.0025655583012849092	Technology&Computing
2226354	2264248	0.0023960480466485023	Science
2226354	2264248	0.0014648819342255592	Education>EducationalAssessment
2226354	2264248	0.0014072599587962031	FamilyAndRelationships>Parenting>ParentingChildrenAged4-11
2264414	2293940	0.8678980469703674	Education>OnlineEducation
2264414	2293940	0.7869692444801331	Education
2264414	2293940	0.6289995312690735	Education>AdultEducation
2264414	2293940	0.6226694583892822	BusinessAndFinance>Industries>EducationIndustry
2264414	2293940	0.22764304280281067	Education>EducationalAssessment
2264414	2293940	0.12710770964622498	Science
2264414	2293940	0.0904569923877716	Education>EarlyChildhoodEducation
2264414	2293940	0.011083856225013733	BusinessAndFinance>Industries>TechnologyIndustry
2264414	2293940	0.011050242930650711	Education>HomeworkAndStudy
2264414	2293940	0.009721945971250534	Education>EducationalAssessment>StandardizedTesting
2298920	2346310	0.9962863922119141	BusinessAndFinance>Industries>EnvironmentalServicesIndustry
2298920	2346310	0.9791646003723145	Science>Environment
2298920	2346310	0.7200214862823486	EventsAndAttractions>Parks&Nature
2298920	2346310	0.07311028242111206	BusinessAndFinance>Business>GreenSolutions
2298920	2346310	0.023753870278596878	Home&Garden>Landscaping
2298920	2346310	0.013301045633852482	Hobbies&Interests>Birdwatching
2298920	2346310	0.004222463350743055	EventsAndAttractions>Zoos&Aquariums
2298920	2346310	0.002380841411650181	EventsAndAttractions>HistoricSiteAndLandmarkTours
2298920	2346310	0.002079336205497384	Science>Geography
2298920	2346310	0.0016623035771772265	NewsAndPolitics>Weather
2347160	2377016	0.020081784576177597	NewsAndPolitics>Politics>PoliticalIssues
2347160	2377016	0.009567199274897575	EventsAndAttractions>PoliticalEvent
2347160	2377016	0.008482587523758411	Technology&Computing>ArtificialIntelligence
2347160	2377016	0.0031002333853393793	NewsAndPolitics>Politics
2347160	2377016	0.002008323557674885	Religion&Spirituality>Astrology
2347160	2377016	0.001410899916663766	Technology&Computing>Computing>Internet>SocialNetworking
2347160	2377016	0.0013307350454851985	Automotive>AutoTechnology>AutoNavigationSystems
2347160	2377016	0.0012306319549679756	NewsAndPolitics>Weather
2347160	2377016	0.0011773149017244577	Science
2347160	2377016	0.0009121512994170189	Hobbies&Interests>ParanormalPhenomena
2377048	2411988	0.0996699333190918	Technology&Computing>ArtificialIntelligence
2377048	2411988	0.0014580021379515529	Education>OnlineEducation
2377048	2411988	0.0014158113626763225	Technology&Computing>Computing
2377048	2411988	0.0012934795813634992	Technology&Computing>Computing>DataStorageAndWarehousing
2377048	2411988	0.0012808192986994982	Technology&Computing>Computing>ProgrammingLanguages
2377048	2411988	0.0010104721877723932	Technology&Computing>Robotics
2377048	2411988	0.0010019572218880057	Science
2377048	2411988	0.0008765473030507565	BusinessAndFinance>Business>BusinessI.T.
2377048	2411988	0.0008243866031989455	BusinessAndFinance>Business>BusinessOperations
2377048	2411988	0.0008152661030180752	Technology&Computing>Computing>Internet>Search
2412164	2444516	0.9942060112953186	Careers>RemoteWorking
2412164	2444516	0.5320127010345459	Technology&Computing>Computing>ComputerSoftwareAndApplications>WebConferencing
2412164	2444516	0.2565593421459198	Technology&Computing>Computing>Internet>ITAndInternetSupport
2412164	2444516	0.11936786025762558	Technology&Computing>Computing>Internet>CloudComputing
2412164	2444516	0.03440747410058975	Hobbies&Interests>ContentProduction
2412164	2444516	0.015534661710262299	Education>OnlineEducation
2412164	2444516	0.014507219195365906	Technology&Computing
2412164	2444516	0.009319948963820934	Technology&Computing>Computing>Internet>InternetForBeginners
2412164	2444516	0.005647930782288313	Technology&Computing>Computing>Internet>WebHosting
2412164	2444516	0.005583832506090403	RealEstate>OfficeProperty
2444698	2477468	0.5596292018890381	Technology&Computing>ConsumerElectronics>WearableTechnology
2444698	2477468	0.4158870279788971	Technology&Computing>VirtualReality
2444698	2477468	0.37594372034072876	Technology&Computing>AugmentedReality
2444698	2477468	0.2634669542312622	Technology&Computing
2444698	2477468	0.09917078912258148	Technology&Computing>ArtificialIntelligence
2444698	2477468	0.08213041722774506	Technology&Computing>Computing>Internet>InternetOfThings
2444698	2477468	0.07336962968111038	FineArt>DigitalArts
2444698	2477468	0.02523006871342659	Hobbies&Interests>ParanormalPhenomena
2444698	2477468	0.018094582483172417	Technology&Computing>Computing>Internet>ITAndInternetSupport
2444698	2477468	0.006153344642370939	BusinessAndFinance>Industries>TechnologyIndustry
2477554	2499220	0.559873640537262	Technology&Computing>ArtificialIntelligence
2477554	2499220	0.08445386588573456	Science
2477554	2499220	0.006162578240036964	Technology&Computing
2477554	2499220	0.00423014909029007	Religion&Spirituality>Astrology
2477554	2499220	0.0036356777418404818	Hobbies&Interests>ContentProduction
2477554	2499220	0.0030837873928248882	NewsAndPolitics>Politics>PoliticalIssues
2477554	2499220	0.003041080432012677	Technology&Computing>Computing>Internet>SocialNetworking
2477554	2499220	0.002532458631321788	Technology&Computing>Computing>Internet>Search
2477554	2499220	0.0025103038642555475	Technology&Computing>Computing>Internet>InternetOfThings
2477554	2499220	0.001824915292672813	Technology&Computing>Computing
2500040	2532110	0.9561480283737183	Technology&Computing>ArtificialIntelligence
2500040	2532110	0.07717948406934738	Hobbies&Interests>ParanormalPhenomena
2500040	2532110	0.043470755219459534	Technology&Computing
2500040	2532110	0.021554945036768913	Science
2500040	2532110	0.005080065689980984	Religion&Spirituality>Spirituality
2500040	2532110	0.004120464436709881	FineArt>DigitalArts
2500040	2532110	0.0018951458623632789	Technology&Computing>Computing>Internet>SocialNetworking
2500040	2532110	0.0017375469906255603	Technology&Computing>Computing
2500040	2532110	0.0016614983323961496	Technology&Computing>Robotics
2500040	2532110	0.001604067045263946	Hobbies&Interests>ContentProduction
2532500	2573052	0.926943302154541	Science>Physics
2532500	2573052	0.08654225617647171	Science>Chemistry
2532500	2573052	0.06770458072423935	Science
2532500	2573052	0.018976306542754173	Technology&Computing
2532500	2573052	0.014010943472385406	Technology&Computing>ArtificialIntelligence
2532500	2573052	0.00745213869959116	Technology&Computing>VirtualReality
2532500	2573052	0.006466899067163467	Science>SpaceAndAstronomy
2532500	2573052	0.004847168922424316	Hobbies&Interests>ParanormalPhenomena
2532500	2573052	0.004278799518942833	Technology&Computing>Computing
2532500	2573052	0.003558377968147397	Technology&Computing>AugmentedReality
2573186	2610520	0.8612615466117859	Technology&Computing>Computing>ComputerSoftwareAndApplications>WebConferencing
2573186	2610520	0.5453222990036011	Hobbies&Interests>ContentProduction
2573186	2610520	0.4832090735435486	FineArt>DigitalArts
2573186	2610520	0.12103015929460526	Education>OnlineEducation
2573186	2610520	0.09125778079032898	Technology&Computing>AugmentedReality
2573186	2610520	0.06255068629980087	Technology&Computing>Computing>Internet>ITAndInternetSupport
2573186	2610520	0.05973770096898079	Technology&Computing
2573186	2610520	0.05399452894926071	BusinessAndFinance>Industries>EntertainmentIndustry
2573186	2610520	0.051483459770679474	Hobbies&Interests>ContentProduction>VideoProduction
2573186	2610520	0.04251442849636078	Technology&Computing>VirtualReality
2610940	2639680	0.69073885679245	Education>EducationalAssessment
2610940	2639680	0.18768148124217987	Education>EducationalAssessment>StandardizedTesting
2610940	2639680	0.17615117132663727	Education>HomeworkAndStudy
2610940	2639680	0.018695151433348656	FamilyAndRelationships>Parenting>ParentingBabiesAndToddlers
2610940	2639680	0.010804098099470139	VideoGaming>VideoGameGenres>EducationalVideoGames
2610940	2639680	0.01031420286744833	Technology&Computing>ArtificialIntelligence
2610940	2639680	0.009016243740916252	Education>LanguageLearning
2610940	2639680	0.0036941689904779196	Education>SpecialEducation
2610940	2639680	0.002820383058860898	Education>EarlyChildhoodEducation
2610940	2639680	0.002193376887589693	FamilyAndRelationships>Parenting>SpecialNeedsKids
2639750	2673384	0.22475266456604004	Education>LanguageLearning
2639750	2673384	0.07644663751125336	Technology&Computing>ArtificialIntelligence
2639750	2673384	0.06452891230583191	FamilyAndRelationships>Parenting>ParentingBabiesAndToddlers
2639750	2673384	0.05864381790161133	VideoGaming>VideoGameGenres>EducationalVideoGames
2639750	2673384	0.03878120705485344	Education>HomeworkAndStudy
2639750	2673384	0.019080037251114845	Hobbies&Interests>ContentProduction>FreelanceWriting
2639750	2673384	0.016078701242804527	FamilyAndRelationships>Parenting>ParentingChildrenAged4-11
2639750	2673384	0.00922616571187973	Education>OnlineEducation
2639750	2673384	0.007743960712105036	Education>EducationalAssessment
2639750	2673384	0.00590495252981782	Technology&Computing
2673512	2715844	0.7739956974983215	Technology&Computing>ArtificialIntelligence
2673512	2715844	0.15501795709133148	Technology&Computing>Computing
2673512	2715844	0.09170301258563995	Technology&Computing>Computing>ProgrammingLanguages
2673512	2715844	0.08129114657640457	Technology&Computing>Computing>ComputerSoftwareAndApplications>OperatingSystems
2673512	2715844	0.01748327910900116	Technology&Computing
2673512	2715844	0.00374344433657825	Technology&Computing>Computing>Internet>ITAndInternetSupport
2673512	2715844	0.002627601847052574	Technology&Computing>Robotics
2673512	2715844	0.0024505939800292253	Technology&Computing>Computing>Internet>InternetOfThings
2673512	2715844	0.00221958733163774	Science
2673512	2715844	0.0018318064976483583	BusinessAndFinance>Business>BusinessI.T.
2715972	2751648	0.030775252729654312	Technology&Computing>Computing>DataStorageAndWarehousing
2715972	2751648	0.023076806217432022	Technology&Computing>Computing>ProgrammingLanguages
2715972	2751648	0.008028389886021614	Technology&Computing>Computing>ComputerSoftwareAndApplications>Databases
2715972	2751648	0.0030468630138784647	Technology&Computing>ArtificialIntelligence
2715972	2751648	0.003045526100322604	Technology&Computing>Computing
2715972	2751648	0.0016519662458449602	Science
2715972	2751648	0.0008587385527789593	Technology&Computing>Computing>Internet>Search
2715972	2751648	0.0006229206337593496	Technology&Computing>Computing>ComputerSoftwareAndApplications>3-DGraphics
2715972	2751648	0.00048124269233085215	Technology&Computing>Robotics
2715972	2751648	0.00047498513595201075	BusinessAndFinance>Business>Sales
2751744	2783360	0.4202518165111542	Technology&Computing>Computing>ProgrammingLanguages
2751744	2783360	0.041438985615968704	Technology&Computing>ArtificialIntelligence
2751744	2783360	0.014431383460760117	Technology&Computing>Computing
2751744	2783360	0.0018684701062738895	Education>LanguageLearning
2751744	2783360	0.0014534018700942397	Technology&Computing>Computing>DataStorageAndWarehousing
2751744	2783360	0.0013980829389765859	Technology&Computing>Computing>ComputerSoftwareAndApplications
2751744	2783360	0.0010455840965732932	Technology&Computing>Computing>ComputerSoftwareAndApplications>DigitalAudio
2751744	2783360	0.0010116617195308208	Education>EducationalAssessment
2751744	2783360	0.000831437879242003	Hobbies&Interests>GamesAndPuzzles>RoleplayingGames
2751744	2783360	0.0007633671630173922	Technology&Computing
2783780	2817492	0.09198418259620667	RealEstate>OfficeProperty
2783780	2817492	0.07681737095117569	Education>LanguageLearning
2783780	2817492	0.07421061396598816	BusinessAndFinance>Business>ExecutiveLeadership&Management
2783780	2817492	0.05804809182882309	Technology&Computing>Computing>ComputerSoftwareAndApplications>WebConferencing
2783780	2817492	0.04958377778530121	BusinessAndFinance>Business>BusinessI.T.
2783780	2817492	0.02840733528137207	Careers>RemoteWorking
2783780	2817492	0.01721845753490925	FineArt>Design
2783780	2817492	0.01589081436395645	BusinessAndFinance>Business>HumanResources
2783780	2817492	0.014925994910299778	Technology&Computing>Computing>ProgrammingLanguages
2783780	2817492	0.013676908798515797	BusinessAndFinance>Business>BusinessOperations
2817636	2859320	0.7796710729598999	VideoGaming>VideoGameGenres>SimulationVideoGames
2817636	2859320	0.1362568736076355	Technology&Computing>Computing>ProgrammingLanguages
2817636	2859320	0.010186846368014812	VideoGaming>VideoGameGenres>StrategyVideoGames
2817636	2859320	0.005693384911864996	Technology&Computing>Computing>ComputerSoftwareAndApplications
2817636	2859320	0.005041203461587429	Technology&Computing>Computing
2817636	2859320	0.004776833578944206	Technology&Computing>Computing>ComputerSoftwareAndApplications>3-DGraphics
2817636	2859320	0.004600259009748697	Hobbies&Interests>GamesAndPuzzles>RoleplayingGames
2817636	2859320	0.0036395592615008354	Technology&Computing>ArtificialIntelligence
2817636	2859320	0.0035341023467481136	Hobbies&Interests>GamesAndPuzzles
2817636	2859320	0.0031041959300637245	Technology&Computing>Robotics
2859900	2897476	0.9888772368431091	Science>BiologicalSciences
2859900	2897476	0.948324978351593	Science>Environment
2859900	2897476	0.06346511095762253	BusinessAndFinance>Industries>EnvironmentalServicesIndustry
2859900	2897476	0.015866389498114586	Science
2859900	2897476	0.0032646101899445057	Science>Genetics
2859900	2897476	0.002166044432669878	Science>Chemistry
2859900	2897476	0.001132250763475895	Science>Geography
2859900	2897476	0.0010993033647537231	NewsAndPolitics>Weather
2859900	2897476	0.0010082647204399109	EventsAndAttractions>Parks&Nature
2859900	2897476	0.0009313848568126559	Home&Garden>Landscaping
2897658	2940444	0.01347392238676548	Pets>Birds
2897658	2940444	0.002463215496391058	MedicalHealth>DiseasesAndConditions>EyeAndVisionConditions
2897658	2940444	0.002293136203661561	Technology&Computing>AugmentedReality
2897658	2940444	0.0022685790900141	Automotive>AutoTechnology>AutoNavigationSystems
2897658	2940444	0.001697559840977192	Hobbies&Interests>Beekeeping
2897658	2940444	0.0013370063388720155	Technology&Computing>Computing>ComputerSoftwareAndApplications>3-DGraphics
2897658	2940444	0.0012764460407197475	Science>BiologicalSciences
2897658	2940444	0.0012057814747095108	Science>Genetics
2897658	2940444	0.0007350941887125373	Science
2897658	2940444	0.00070395931834355	VideoGaming>VideoGameGenres>StrategyVideoGames
2940572	2980068	0.09903853386640549	Technology&Computing>Computing>Internet>InternetOfThings
2940572	2980068	0.06752463430166245	Technology&Computing>Computing>Internet>InternetForBeginners
2940572	2980068	0.061148546636104584	Technology&Computing>Computing>Internet>ITAndInternetSupport
2940572	2980068	0.03840404748916626	Hobbies&Interests>ContentProduction
2940572	2980068	0.008258418180048466	Education>OnlineEducation
2940572	2980068	0.007913083769381046	Science
2940572	2980068	0.0070615545846521854	Technology&Computing>Computing>Internet
2940572	2980068	0.00690328236669302	BusinessAndFinance>Industries>InformationServicesIndustry
2940572	2980068	0.005285927094519138	Technology&Computing>Computing>ComputerNetworking
2940572	2980068	0.00466903205960989	Technology&Computing>Computing
2980264	3011860	0.9498716592788696	Science>Environment
2980264	3011860	0.8201046586036682	Science>BiologicalSciences
2980264	3011860	0.2998533844947815	Science
2980264	3011860	0.15782129764556885	BusinessAndFinance>Industries>EnvironmentalServicesIndustry
2980264	3011860	0.05412551760673523	Science>Genetics
2980264	3011860	0.004175098612904549	Hobbies&Interests>Birdwatching
2980264	3011860	0.0026312272530049086	Home&Garden>Landscaping
2980264	3011860	0.0023827427066862583	Pets>Birds
2980264	3011860	0.00172964739613235	EventsAndAttractions>Parks&Nature
2980264	3011860	0.0016138755017891526	Science>Geography
3012020	3058170	0.2856074869632721	Science>Physics
3012020	3058170	0.06316454708576202	Science>SpaceAndAstronomy
3012020	3058170	0.06231830269098282	Science
3012020	3058170	0.008887670934200287	Hobbies&Interests>ParanormalPhenomena
3012020	3058170	0.004346624948084354	Science>Chemistry
3012020	3058170	0.004088463727384806	Technology&Computing>VirtualReality
3012020	3058170	0.0036658919416368008	Technology&Computing
3012020	3058170	0.002618115395307541	Religion&Spirituality>Astrology
3012020	3058170	0.002066295826807618	Technology&Computing>AugmentedReality
3012020	3058170	0.00159125542268157	Technology&Computing>ArtificialIntelligence
3059740	3117364	0.8294813632965088	Science>Genetics
3059740	3117364	0.2955702543258667	Science>BiologicalSciences
3059740	3117364	0.023436352610588074	Science
3059740	3117364	0.017919929698109627	BusinessAndFinance>Industries>BiotechAndBiomedicalIndustry
3059740	3117364	0.0029905918054282665	BusinessAndFinance>Industries>TechnologyIndustry
3059740	3117364	0.0012501891469582915	BusinessAndFinance>Industries>MechanicalAndIndustrialEngineeringIndustry
3059740	3117364	0.0008080524276010692	Science>Chemistry
3059740	3117364	0.0006961145554669201	Pets>VeterinaryMedicine
3059740	3117364	0.00043851122609339654	FamilyAndRelationships>Parenting>ParentingChildrenAged4-11
3059740	3117364	0.00037629660801030695	Technology&Computing
3117412	3149300	0.3776436150074005	Technology&Computing>ArtificialIntelligence
3117412	3149300	0.011174800805747509	Technology&Computing>Computing>DataStorageAndWarehousing
3117412	3149300	0.004756364971399307	Science
3117412	3149300	0.0043321643024683	Technology&Computing>Computing>Internet>InternetOfThings
3117412	3149300	0.0024476677644997835	Hobbies&Interests>ContentProduction
3117412	3149300	0.0023589199408888817	Technology&Computing>Robotics
3117412	3149300	0.0019726089667528868	Technology&Computing>Computing>Internet>SocialNetworking
3117412	3149300	0.0016875826986506581	Technology&Computing>Computing
3117412	3149300	0.0016199402743950486	Home&Garden>SmartHome
3117412	3149300	0.0015840267296880484	Technology&Computing>Computing>Internet>CloudComputing
3150600	3189740	0.02665591612458229	Science>Physics
3150600	3189740	0.026125706732273102	BusinessAndFinance>Industries>PowerAndEnergyIndustry
3150600	3189740	0.0011769537813961506	Technology&Computing>Robotics
3150600	3189740	0.001171446987427771	Science>SpaceAndAstronomy
3150600	3189740	0.0010897237807512283	Science>Chemistry
3150600	3189740	0.0009941458702087402	PersonalFinance>HomeUtilities>GasAndElectric
3150600	3189740	0.0006918688304722309	Science
3150600	3189740	0.0004656172532122582	Automotive>AutoParts
3150600	3189740	0.00036383295082487166	NewsAndPolitics>Weather
3150600	3189740	0.0002763918018899858	Automotive>AutoType>GreenVehicles
3189820	3241960	0.0792730376124382	Technology&Computing>ArtificialIntelligence
3189820	3241960	0.04543602839112282	Technology&Computing>Computing
3189820	3241960	0.0092390775680542	Technology&Computing>Computing>DataStorageAndWarehousing
3189820	3241960	0.006996208801865578	Technology&Computing>Computing>ProgrammingLanguages
3189820	3241960	0.0065690926276147366	Science
3189820	3241960	0.0031745294108986855	Technology&Computing>Robotics
3189820	3241960	0.001582348020747304	Technology&Computing>Computing>Internet>CloudComputing
3189820	3241960	0.001092360122129321	Technology&Computing
3189820	3241960	0.0009528120863251388	BusinessAndFinance>Business>BusinessI.T.
3189820	3241960	0.0007486419635824859	Technology&Computing>Computing>Internet>InternetOfThings
3245070	3289026	0.0080203702673316	Science
3245070	3289026	0.007714407984167337	BusinessAndFinance>Business>MarketingAndAdvertising
3245070	3289026	0.0033401655964553356	Education>HomeworkAndStudy
3245070	3289026	0.002585626905784011	Education>EducationalAssessment
3245070	3289026	0.002567209769040346	BusinessAndFinance>Economy>Commodities
3245070	3289026	0.0023935134522616863	NewsAndPolitics>Politics>PoliticalIssues
3245070	3289026	0.0023677824065089226	Technology&Computing>Computing>Internet>SocialNetworking
3245070	3289026	0.0019018866587430239	EventsAndAttractions>PoliticalEvent
3245070	3289026	0.0015909175854176283	Hobbies&Interests>ContentProduction
3245070	3289026	0.0015305249253287911	Hobbies&Interests
3289218	3341094	0.19536319375038147	Technology&Computing>ArtificialIntelligence
3289218	3341094	0.021089058369398117	Science
3289218	3341094	0.006354444194585085	Technology&Computing
3289218	3341094	0.006052273791283369	Technology&Computing>Computing>Internet>SocialNetworking
3289218	3341094	0.004843687638640404	Education>HomeworkAndStudy
3289218	3341094	0.003647895995527506	Technology&Computing>Computing
3289218	3341094	0.0029904977418482304	PersonalFinance>PersonalInvesting
3289218	3341094	0.002784901764243841	Hobbies&Interests>ParanormalPhenomena
3289218	3341094	0.0026221205480396748	Education>OnlineEducation
3289218	3341094	0.0024133126717060804	Education>EducationalAssessment
3341292	3381058	0.8161013126373291	Hobbies&Interests>ContentProduction
3341292	3381058	0.6492860317230225	Technology&Computing>Computing>Internet>SocialNetworking
3341292	3381058	0.24439994990825653	BusinessAndFinance>Industries>MediaIndustry
3341292	3381058	0.17393726110458374	Technology&Computing
3341292	3381058	0.06852864474058151	Hobbies&Interests
3341292	3381058	0.049229323863983154	BusinessAndFinance>Industries>TechnologyIndustry
3341292	3381058	0.0365302674472332	FineArt>DigitalArts
3341292	3381058	0.031151939183473587	FineArt>Design
3341292	3381058	0.021747607737779617	BusinessAndFinance>Industries>InformationServicesIndustry
3341292	3381058	0.0167206022888422	Science
3381144	3411020	0.07618355005979538	Technology&Computing>Computing>Internet>SocialNetworking
3381144	3411020	0.06551635265350342	Hobbies&Interests>ContentProduction
3381144	3411020	0.0337696373462677	Technology&Computing>Computing>Internet>InternetForBeginners
3381144	3411020	0.019844435155391693	Technology&Computing>Computing>ComputerSoftwareAndApplications>WebConferencing
3381144	3411020	0.01314226258546114	Education>OnlineEducation
3381144	3411020	0.009174909442663193	Technology&Computing>Computing>Internet>ITAndInternetSupport
3381144	3411020	0.00865980889648199	Technology&Computing>ArtificialIntelligence
3381144	3411020	0.008354091085493565	Hobbies&Interests>ParanormalPhenomena
3381144	3411020	0.007316773757338524	Technology&Computing>Computing>Internet
3381144	3411020	0.0035018969792872667	PopCulture>CelebrityScandal
