33087	75962	0.0041229091584682465	Hobbies&Interests>ContentProduction
33087	75962	0.0034981737844645977	Science
33087	75962	0.001785465981811285	Technology&Computing>Computing>Internet>SocialNetworking
33087	75962	0.0011688353260979056	PersonalFinance>PersonalInvesting
33087	75962	0.0010454845614731312	Technology&Computing>Computing>Internet>Search
33087	75962	0.0009377397946082056	Technology&Computing>ArtificialIntelligence
33087	75962	0.0008469840395264328	Education>OnlineEducation
33087	75962	0.0006720209494233131	Hobbies&Interests>ParanormalPhenomena
33087	75962	0.0006427519838325679	Religion&Spirituality>Astrology
33087	75962	0.0005956675740890205	Technology&Computing>Computing>ComputerSoftwareAndApplications>WebConferencing
76912	121700	0.9952613711357117	Technology&Computing>ArtificialIntelligence
76912	121700	0.015185762196779251	Technology&Computing
76912	121700	0.00811715330928564	Technology&Computing>Computing
76912	121700	0.0030812318436801434	Technology&Computing>Robotics
76912	121700	0.0028146167751401663	Science
76912	121700	0.0023990371264517307	Technology&Computing>Computing>ProgrammingLanguages
76912	121700	0.0013969017891213298	Automotive>AutoType>DriverlessCars
76912	121700	0.000909738359041512	VideoGaming>VideoGameGenres>SimulationVideoGames
76912	121700	0.0007874880684539676	Technology&Computing>Computing>Internet>SocialNetworking
76912	121700	0.0006834352971054614	Hobbies&Interests>ParanormalPhenomena
122362	166657	0.9966442584991455	Technology&Computing>ArtificialIntelligence
122362	166657	0.0379372239112854	Technology&Computing
122362	166657	0.022380659356713295	Technology&Computing>Computing
122362	166657	0.009719613008201122	Technology&Computing>Robotics
122362	166657	0.006823696196079254	Technology&Computing>Computing>ProgrammingLanguages
122362	166657	0.0013591748429462314	Technology&Computing>Computing>ComputerSoftwareAndApplications>3-DGraphics
122362	166657	0.0011118705151602626	Automotive>AutoType>DriverlessCars
122362	166657	0.0009739217930473387	Technology&Computing>AugmentedReality
122362	166657	0.0009619857301004231	VideoGaming>VideoGameGenres>SimulationVideoGames
122362	166657	0.0005792398005723953	FineArt>DigitalArts
166810	219112	0.9492704272270203	MedicalHealth>DiseasesAndConditions>BrainAndNervousSystemDisorders
166810	219112	0.025791998952627182	Hobbies&Interests>ParanormalPhenomena
166810	219112	0.013210173696279526	MedicalHealth>DiseasesAndConditions>SleepDisorders
166810	219112	0.012297756969928741	MedicalHealth>DiseasesAndConditions>EyeAndVisionConditions
166810	219112	0.009064331650733948	Technology&Computing>ArtificialIntelligence
166810	219112	0.0040720789693295956	Science
166810	219112	0.0027741179801523685	FamilyAndRelationships>Parenting>ParentingBabiesAndToddlers
166810	219112	0.0021043771412223577	Technology&Computing>VirtualReality
166810	219112	0.0013905937084928155	MedicalHealth>DiseasesAndConditions>Ear,NoseAndThroatConditions
166810	219112	0.001170734758488834	Science>Physics
219925	256912	0.9806995987892151	Technology&Computing>ArtificialIntelligence
219925	256912	0.015836715698242188	Technology&Computing
219925	256912	0.011199998669326305	Technology&Computing>Robotics
219925	256912	0.0098602045327425	Technology&Computing>Computing
219925	256912	0.0011952247004956007	Science>Physics
219925	256912	0.0011792212026193738	Technology&Computing>Computing>Internet>InternetOfThings
219925	256912	0.0008588506607338786	Science
219925	256912	0.0005954359658062458	VideoGaming>VideoGameGenres>SimulationVideoGames
219925	256912	0.0003930613165721297	Technology&Computing>Computing>ProgrammingLanguages
219925	256912	0.00038794163265265524	Automotive>AutoType>DriverlessCars
259375	323900	0.19758784770965576	Technology&Computing>ArtificialIntelligence
259375	323900	0.0025282164569944143	MedicalHealth>DiseasesAndConditions>EndocrineAndMetabolicDiseases>HormonalDisorders
259375	323900	0.002072405070066452	Technology&Computing>Robotics
259375	323900	0.0016944346716627479	MedicalHealth>DiseasesAndConditions>BrainAndNervousSystemDisorders
259375	323900	0.001647943863645196	Technology&Computing>Computing
259375	323900	0.001022764714434743	Science
259375	323900	0.0008797901682555676	Science>Physics
259375	323900	0.0006199547206051648	Science>BiologicalSciences
259375	323900	0.0005957269459031522	Science>Genetics
259375	323900	0.0004957667551934719	Science>Chemistry
324250	373060	0.7928547859191895	Technology&Computing>ArtificialIntelligence
324250	373060	0.003962341696023941	Technology&Computing
324250	373060	0.00303582102060318	Science>Physics
324250	373060	0.0026949415914714336	Science
324250	373060	0.002567941090092063	Technology&Computing>Robotics
324250	373060	0.0019145729020237923	Technology&Computing>Computing
324250	373060	0.001266700099222362	Science>Chemistry
324250	373060	0.0009331964538432658	MedicalHealth>DiseasesAndConditions>BrainAndNervousSystemDisorders
324250	373060	0.0007018619799055159	MedicalHealth>DiseasesAndConditions>EndocrineAndMetabolicDiseases>HormonalDisorders
324250	373060	0.0005210533854551613	Hobbies&Interests>ParanormalPhenomena
373242	429550	0.3533533215522766	Technology&Computing>ArtificialIntelligence
373242	429550	0.005779591389000416	Technology&Computing>Computing
373242	429550	0.001919094822369516	Technology&Computing>Robotics
373242	429550	0.0011025917483493686	Technology&Computing
373242	429550	0.0007144364062696695	Technology&Computing>Computing>ProgrammingLanguages
373242	429550	0.0004935823963023722	Science
373242	429550	0.0004890789277851582	Science>Physics
373242	429550	0.0004328125505708158	Technology&Computing>Computing>Internet>InternetOfThings
373242	429550	0.00022738090774510056	MedicalHealth>DiseasesAndConditions>BrainAndNervousSystemDisorders
373242	429550	0.00020963908173143864	Science>Chemistry
429612	446525	0.0013825056375935674	Technology&Computing>ArtificialIntelligence
429612	446525	0.0007673816289752722	VideoGaming>VideoGameGenres>SimulationVideoGames
429612	446525	0.0005595388938672841	Automotive>AutoTechnology>AutoNavigationSystems
429612	446525	0.0003230500442441553	EventsAndAttractions>PoliticalEvent
429612	446525	0.0002879144449252635	VideoGaming>VideoGameGenres>StrategyVideoGames
429612	446525	0.0002127304906025529	Religion&Spirituality
429612	446525	0.0001938420464284718	Religion&Spirituality>Spirituality
429612	446525	0.00018627104873303324	Religion&Spirituality>Astrology
429612	446525	0.0001712760131340474	Automotive>AutoTechnology>AutoInfotainmentTechnologies
429612	446525	0.00016536792099941522	Science>Geography
448300	494525	0.07576281577348709	Technology&Computing>ArtificialIntelligence
448300	494525	0.042108628898859024	Technology&Computing>Robotics
448300	494525	0.01304851844906807	Technology&Computing>Computing>Internet>InternetOfThings
448300	494525	0.001608366146683693	Technology&Computing>Computing
448300	494525	0.0011122471187263727	Home&Garden>SmartHome
448300	494525	0.0006544588832184672	Technology&Computing>Computing>ComputerNetworking
448300	494525	0.0004903602530248463	Technology&Computing
448300	494525	0.0003910690429620445	Technology&Computing>Computing>Internet>ITAndInternetSupport
448300	494525	0.00038978439988568425	Technology&Computing>Computing>Internet>CloudComputing
448300	494525	0.00026277569122612476	MedicalHealth>DiseasesAndConditions>BrainAndNervousSystemDisorders
505037	563427	0.03448447957634926	Technology&Computing>ArtificialIntelligence
505037	563427	0.004617045633494854	Science>Physics
505037	563427	0.0028956306632608175	Science
505037	563427	0.002149202860891819	VideoGaming>VideoGameGenres>SimulationVideoGames
505037	563427	0.0020284042693674564	MedicalHealth>DiseasesAndConditions>EyeAndVisionConditions
505037	563427	0.001538928714580834	FamilyAndRelationships>Parenting>ParentingBabiesAndToddlers
505037	563427	0.001214866410009563	Technology&Computing>VirtualReality
505037	563427	0.0010791030945256352	Hobbies&Interests>GamesAndPuzzles
505037	563427	0.0010112696327269077	FamilyAndRelationships>Parenting>ParentingChildrenAged4-11
505037	563427	0.0007463076617568731	Technology&Computing>Computing>ProgrammingLanguages
563595	600672	0.19489659368991852	Science>Chemistry
563595	600672	0.00164921919349581	Food&Drink>AlcoholicBeverages
563595	600672	0.0008916885708458722	Style&Fashion>Beauty>PerfumeAndFragrance
563595	600672	0.0005377180059440434	Food&Drink>Non-AlcoholicBeverages
563595	600672	0.0004843689384870231	Hobbies&Interests>ArtsAndCrafts>CandleAndSoapMaking
563595	600672	0.000425007106969133	HealthyLiving>Wellness>AlternativeMedicine>HerbsAndSupplements
563595	600672	0.0003149630210828036	Science>Physics
563595	600672	0.00024093972751870751	Food&Drink
563595	600672	0.0001898520567920059	FineArt>Opera
563595	600672	0.00018044163880404085	MedicalHealth>PharmaceuticalDrugs
600780	658987	0.0004786972713191062	Science>Physics
600780	658987	0.00043264529085718095	Science>SpaceAndAstronomy
600780	658987	0.0003674830368254334	MedicalHealth>MedicalTests
600780	658987	0.0003096315485890955	PersonalFinance>PersonalInvesting>StocksAndBonds
600780	658987	0.00019282814173493534	Religion&Spirituality>Astrology
600780	658987	0.00018868388724513352	PersonalFinance>PersonalInvesting>Options
600780	658987	0.000152246851939708	Sports>EquineSports
600780	658987	0.00014792673755437136	PersonalFinance>PersonalInvesting
600780	658987	0.00011839161743409932	VideoGaming>VideoGameGenres>SimulationVideoGames
600780	658987	0.00011581394210224971	MedicalHealth>DiseasesAndConditions>ReproductiveHealth>Pregnancy
659562	718600	0.0016216286458075047	Technology&Computing>Computing>ProgrammingLanguages
659562	718600	0.0006882429006509483	Technology&Computing>Computing>ComputerSoftwareAndApplications>Databases
659562	718600	0.0005520235863514245	Technology&Computing>Computing>DataStorageAndWarehousing
659562	718600	0.0003914368280675262	Technology&Computing>Computing>ComputerSoftwareAndApplications>DigitalAudio
659562	718600	0.00037496790173463523	Technology&Computing>Computing>ComputerNetworking
659562	718600	0.0003422885201871395	BusinessAndFinance>Economy>InterestRates
659562	718600	0.00032306942739523947	Science>Physics
659562	718600	0.00030920057906769216	FamilyAndRelationships>Dating
659562	718600	0.00028693617787212133	Science>SpaceAndAstronomy
659562	718600	0.00020102504640817642	Religion&Spirituality>Astrology
724775	785972	0.027505788952112198	MedicalHealth>DiseasesAndConditions>EyeAndVisionConditions
724775	785972	0.011512435041368008	Technology&Computing>ArtificialIntelligence
724775	785972	0.00864635594189167	Technology&Computing>Computing>ComputerSoftwareAndApplications>3-DGraphics
724775	785972	0.0011215545237064362	Technology&Computing>AugmentedReality
724775	785972	0.0008488899911753833	Science>Physics
724775	785972	0.0005944767617620528	Technology&Computing>VirtualReality
724775	785972	0.0005613449611701071	Style&Fashion>Women'sFashion>Women'sAccessories>Women'sGlasses
724775	785972	0.000369999062968418	Technology&Computing>Computing>ProgrammingLanguages
724775	785972	0.0003324799763504416	MedicalHealth>DiseasesAndConditions>BrainAndNervousSystemDisorders
724775	785972	0.00032380735501646996	Science
786092	860817	0.007891805842518806	Technology&Computing>ArtificialIntelligence
786092	860817	0.006860947236418724	MedicalHealth>DiseasesAndConditions>BrainAndNervousSystemDisorders
786092	860817	0.0028895412106066942	MedicalHealth>DiseasesAndConditions>EndocrineAndMetabolicDiseases>HormonalDisorders
786092	860817	0.002701426623389125	Science>Physics
786092	860817	0.0008362318039871752	VideoGaming>VideoGameGenres>SimulationVideoGames
786092	860817	0.0007293187663890421	Technology&Computing>VirtualReality
786092	860817	0.0006516025750897825	Technology&Computing>Computing
786092	860817	0.00041260707075707614	MedicalHealth>DiseasesAndConditions>SleepDisorders
786092	860817	0.0003412655496504158	Science
786092	860817	0.0002644031774252653	Science>Chemistry
860940	909562	0.15255185961723328	Technology&Computing>ArtificialIntelligence
860940	909562	0.06494741141796112	Technology&Computing>Computing>ProgrammingLanguages
860940	909562	0.005945041310042143	Technology&Computing>Computing
860940	909562	0.0015770121244713664	Technology&Computing>Computing>ComputerSoftwareAndApplications>Databases
860940	909562	0.0008605963084846735	Science>Physics
860940	909562	0.0006802320131100714	Technology&Computing>Computing>ComputerSoftwareAndApplications>3-DGraphics
860940	909562	0.0006149649270810187	Technology&Computing>Robotics
860940	909562	0.00044678637641482055	Technology&Computing>Computing>DataStorageAndWarehousing
860940	909562	0.00031927693635225296	Technology&Computing>Computing>ComputerSoftwareAndApplications>OperatingSystems
860940	909562	0.00021428108448162675	Education>PrivateSchool
910737	973537	0.26346731185913086	Technology&Computing>Computing>ProgrammingLanguages
910737	973537	0.005081360228359699	Technology&Computing>Computing>ComputerSoftwareAndApplications>Databases
910737	973537	0.0026792024727910757	Technology&Computing>Computing
910737	973537	0.0021389652974903584	Technology&Computing>ArtificialIntelligence
910737	973537	0.001042411895468831	Technology&Computing>Computing>DataStorageAndWarehousing
910737	973537	0.0009605189552530646	Technology&Computing>Computing>ComputerSoftwareAndApplications>3-DGraphics
910737	973537	0.0007245156448334455	Technology&Computing>Computing>ComputerSoftwareAndApplications>DigitalAudio
910737	973537	0.0005373004823923111	Science>Physics
910737	973537	0.00026567777968011796	BooksAndLiterature>Poetry
910737	973537	0.0002603899338282645	Technology&Computing>Computing>ComputerSoftwareAndApplications>PhotoEditingSoftware
974637	1022780	0.6465134620666504	Technology&Computing>ArtificialIntelligence
974637	1022780	0.13442222774028778	MedicalHealth>DiseasesAndConditions>BrainAndNervousSystemDisorders
974637	1022780	0.11360165476799011	Hobbies&Interests>ParanormalPhenomena
974637	1022780	0.012634243816137314	MedicalHealth>DiseasesAndConditions>SleepDisorders
974637	1022780	0.004685721360146999	Technology&Computing>Robotics
974637	1022780	0.003061925992369652	Technology&Computing>VirtualReality
974637	1022780	0.0029073667246848345	Religion&Spirituality>Spirituality
974637	1022780	0.002827748190611601	MedicalHealth>DiseasesAndConditions>MentalHealth
974637	1022780	0.002571864752098918	Religion&Spirituality
974637	1022780	0.0018280099611729383	FamilyAndRelationships>Parenting>ParentingChildrenAged4-11
1022915	1080725	0.006296546198427677	Science>Physics
1022915	1080725	0.0016434259014204144	Hobbies&Interests>ParanormalPhenomena
1022915	1080725	0.0007812801050022244	Science
1022915	1080725	0.0006044923793524504	Technology&Computing>VirtualReality
1022915	1080725	0.0005386421689763665	Religion&Spirituality>Astrology
1022915	1080725	0.0004885051166638732	Technology&Computing>ArtificialIntelligence
1022915	1080725	0.00046929018571972847	Science>SpaceAndAstronomy
1022915	1080725	0.0004358830919954926	Science>Chemistry
1022915	1080725	0.0003731826727744192	Technology&Computing>Computing
1022915	1080725	0.0002179833536501974	MedicalHealth>DiseasesAndConditions>SleepDisorders
1088487	1142215	0.27525657415390015	MedicalHealth>DiseasesAndConditions>BrainAndNervousSystemDisorders
1088487	1142215	0.001514660893008113	MedicalHealth>DiseasesAndConditions>EndocrineAndMetabolicDiseases>HormonalDisorders
1088487	1142215	0.0013877339661121368	MedicalHealth>DiseasesAndConditions>SleepDisorders
1088487	1142215	0.001209948561154306	MedicalHealth>DiseasesAndConditions>EyeAndVisionConditions
1088487	1142215	0.0006778411916457117	Technology&Computing>ArtificialIntelligence
1088487	1142215	0.0005158672574907541	Science
1088487	1142215	0.000383818696718663	Technology&Computing>VirtualReality
1088487	1142215	0.0003314482746645808	Science>Physics
1088487	1142215	0.00026249297661706805	Hobbies&Interests>ParanormalPhenomena
1088487	1142215	0.00024427613243460655	MedicalHealth>MedicalTests
1142382	1215650	0.051578082144260406	Science>Physics
1142382	1215650	0.0017179945716634393	VideoGaming>VideoGameGenres>SimulationVideoGames
1142382	1215650	0.0011397553607821465	Technology&Computing>Computing>ComputerSoftwareAndApplications>3-DGraphics
1142382	1215650	0.0007380489259958267	Technology&Computing>Computing>ProgrammingLanguages
1142382	1215650	0.0005622836761176586	Technology&Computing>Computing
1142382	1215650	0.0005109714693389833	Technology&Computing>VirtualReality
1142382	1215650	0.0002332158910576254	Technology&Computing>ArtificialIntelligence
1142382	1215650	0.0002134271344402805	Technology&Computing>Computing>ComputerSoftwareAndApplications>OperatingSystems
1142382	1215650	0.00018771991017274559	Technology&Computing>Robotics
1142382	1215650	0.00018598070892039686	Science>Chemistry
1216075	1288975	0.3392549455165863	MedicalHealth>DiseasesAndConditions>BrainAndNervousSystemDisorders
1216075	1288975	0.06267917901277542	Technology&Computing>ArtificialIntelligence
1216075	1288975	0.00683935172855854	MedicalHealth>DiseasesAndConditions>EndocrineAndMetabolicDiseases>HormonalDisorders
1216075	1288975	0.00502047361806035	Technology&Computing>Robotics
1216075	1288975	0.00248887506313622	MedicalHealth>DiseasesAndConditions>SleepDisorders
1216075	1288975	0.00119696999900043	MedicalHealth>DiseasesAndConditions>EyeAndVisionConditions
1216075	1288975	0.0011661147000268102	Technology&Computing>VirtualReality
1216075	1288975	0.0007959244539961219	Hobbies&Interests>ParanormalPhenomena
1216075	1288975	0.0005968377226963639	Technology&Computing>AugmentedReality
1216075	1288975	0.0005873487098142505	FamilyAndRelationships>Parenting>ParentingBabiesAndToddlers
1289937	1350337	0.9044977426528931	Technology&Computing>ArtificialIntelligence
1289937	1350337	0.003989660646766424	Technology&Computing
1289937	1350337	0.003190843155607581	MedicalHealth>DiseasesAndConditions>EyeAndVisionConditions
1289937	1350337	0.002760033356025815	Technology&Computing>Robotics
1289937	1350337	0.002078040735796094	Hobbies&Interests>ParanormalPhenomena
1289937	1350337	0.0019455114379525185	Technology&Computing>VirtualReality
1289937	1350337	0.0017164135351777077	Technology&Computing>AugmentedReality
1289937	1350337	0.0016924467636272311	Technology&Computing>Computing
1289937	1350337	0.0015749894082546234	Science
1289937	1350337	0.0010393427219241858	Science>Physics
1353387	1396750	0.7707021832466125	Technology&Computing>ArtificialIntelligence
1353387	1396750	0.10659591108560562	Technology&Computing>Robotics
1353387	1396750	0.0326998271048069	Technology&Computing>Computing
1353387	1396750	0.006609275937080383	Technology&Computing>Computing>ComputerSoftwareAndApplications>3-DGraphics
1353387	1396750	0.0041826949454844	Technology&Computing
1353387	1396750	0.0026467368006706238	Technology&Computing>Computing>Internet>InternetOfThings
1353387	1396750	0.0015725408447906375	Technology&Computing>AugmentedReality
1353387	1396750	0.0011649617226794362	VideoGaming>VideoGameGenres>SimulationVideoGames
1353387	1396750	0.0011084387078881264	Technology&Computing>Computing>ProgrammingLanguages
1353387	1396750	0.0009864217136055231	Automotive>AutoType>DriverlessCars
1402712	1461947	0.01789630576968193	Technology&Computing>ArtificialIntelligence
1402712	1461947	0.0120281632989645	MedicalHealth>DiseasesAndConditions>BrainAndNervousSystemDisorders
1402712	1461947	0.010029172524809837	MedicalHealth>DiseasesAndConditions>EndocrineAndMetabolicDiseases>HormonalDisorders
1402712	1461947	0.004278204403817654	Technology&Computing>VirtualReality
1402712	1461947	0.0037822527810931206	FamilyAndRelationships>Parenting>ParentingChildrenAged4-11
1402712	1461947	0.0021850981283932924	MedicalHealth>DiseasesAndConditions>SleepDisorders
1402712	1461947	0.0015732424799352884	Technology&Computing>Computing>Internet>InternetOfThings
1402712	1461947	0.0014866931596770883	NewsAndPolitics>Crime
1402712	1461947	0.001442300621420145	FamilyAndRelationships>Parenting>ParentingBabiesAndToddlers
1402712	1461947	0.0013457770692184567	Hobbies&Interests>ParanormalPhenomena
1461980	1498512	0.20243391394615173	MedicalHealth>DiseasesAndConditions>BrainAndNervousSystemDisorders
1461980	1498512	0.002925568725913763	Technology&Computing>ArtificialIntelligence
1461980	1498512	0.002513991203159094	MedicalHealth>DiseasesAndConditions>EndocrineAndMetabolicDiseases>HormonalDisorders
1461980	1498512	0.0019262698478996754	FamilyAndRelationships>Parenting>ParentingBabiesAndToddlers
1461980	1498512	0.0009414760861545801	MedicalHealth>DiseasesAndConditions>EyeAndVisionConditions
1461980	1498512	0.0007518413476645947	MedicalHealth>DiseasesAndConditions>SleepDisorders
1461980	1498512	0.0005347532569430768	Technology&Computing>VirtualReality
1461980	1498512	0.0005321772769093513	FamilyAndRelationships>Parenting>ParentingChildrenAged4-11
1461980	1498512	0.00025731537607498467	Hobbies&Interests>ParanormalPhenomena
1461980	1498512	0.0002411684108665213	MedicalHealth>MedicalTests
1499237	1581382	0.9896373748779297	Technology&Computing>ArtificialIntelligence
1499237	1581382	0.06198488548398018	Technology&Computing>Computing
1499237	1581382	0.029971716925501823	Technology&Computing
1499237	1581382	0.0037223666440695524	Technology&Computing>Robotics
1499237	1581382	0.002177109243348241	MedicalHealth>DiseasesAndConditions>BrainAndNervousSystemDisorders
1499237	1581382	0.0016468443209305406	Technology&Computing>Computing>ProgrammingLanguages
1499237	1581382	0.0015466477489098907	Technology&Computing>Computing>Internet>InternetOfThings
1499237	1581382	0.0010791390668600798	VideoGaming>VideoGameGenres>SimulationVideoGames
1499237	1581382	0.0010744368191808462	Science
1499237	1581382	0.0007349174120463431	BusinessAndFinance>Business>BusinessI.T.
1581547	1645287	0.16377805173397064	MedicalHealth>DiseasesAndConditions>BrainAndNervousSystemDisorders
1581547	1645287	0.07540959864854813	MedicalHealth>DiseasesAndConditions>EndocrineAndMetabolicDiseases>HormonalDisorders
1581547	1645287	0.012232705019414425	Technology&Computing>ArtificialIntelligence
1581547	1645287	0.0025397201534360647	MedicalHealth>DiseasesAndConditions>SleepDisorders
1581547	1645287	0.0015772351762279868	MedicalHealth>DiseasesAndConditions>EndocrineAndMetabolicDiseases
1581547	1645287	0.0010496735339984298	VideoGaming>VideoGameGenres>SimulationVideoGames
1581547	1645287	0.0008083482389338315	MedicalHealth>DiseasesAndConditions>Injuries
1581547	1645287	0.0005802888190373778	FamilyAndRelationships>Parenting>ParentingChildrenAged4-11
1581547	1645287	0.00037514057476073503	Technology&Computing>VirtualReality
1581547	1645287	0.00035527226282283664	VideoGaming>VideoGameGenres>StrategyVideoGames
1646387	1704975	0.13406263291835785	MedicalHealth>DiseasesAndConditions>BrainAndNervousSystemDisorders
1646387	1704975	0.02302398346364498	FamilyAndRelationships>Parenting>ParentingBabiesAndToddlers
1646387	1704975	0.008928054943680763	MedicalHealth>DiseasesAndConditions>EndocrineAndMetabolicDiseases>HormonalDisorders
1646387	1704975	0.006860554218292236	FamilyAndRelationships>Parenting>ParentingChildrenAged4-11
1646387	1704975	0.004040441010147333	Education>LanguageLearning
1646387	1704975	0.0039255451411008835	MedicalHealth>DiseasesAndConditions>SleepDisorders
1646387	1704975	0.0029538427479565144	Education>HomeworkAndStudy
1646387	1704975	0.0008447699365206063	Technology&Computing>ArtificialIntelligence
1646387	1704975	0.0006978242308832705	MedicalHealth>DiseasesAndConditions>EyeAndVisionConditions
1646387	1704975	0.0006346009904518723	VideoGaming>VideoGameGenres>EducationalVideoGames
1705112	1769175	0.5778856873512268	MedicalHealth>DiseasesAndConditions>BrainAndNervousSystemDisorders
1705112	1769175	0.0055944649502635	MedicalHealth>DiseasesAndConditions>EndocrineAndMetabolicDiseases>HormonalDisorders
1705112	1769175	0.00225916993804276	Technology&Computing>ArtificialIntelligence
1705112	1769175	0.0020649346988648176	MedicalHealth>DiseasesAndConditions>SleepDisorders
1705112	1769175	0.0018456076504662633	FamilyAndRelationships>Parenting>ParentingBabiesAndToddlers
1705112	1769175	0.0007961053634062409	FamilyAndRelationships>Parenting>ParentingChildrenAged4-11
1705112	1769175	0.0007108427817001939	MedicalHealth>DiseasesAndConditions>EyeAndVisionConditions
1705112	1769175	0.0004962189705111086	MedicalHealth>DiseasesAndConditions>EndocrineAndMetabolicDiseases
1705112	1769175	0.00046232936438173056	Hobbies&Interests>ParanormalPhenomena
1705112	1769175	0.00035641362774185836	Technology&Computing>VirtualReality
1769825	1820087	0.14812098443508148	Technology&Computing>ArtificialIntelligence
1769825	1820087	0.029406046494841576	MedicalHealth>DiseasesAndConditions>BrainAndNervousSystemDisorders
1769825	1820087	0.0017642596503719687	MedicalHealth>DiseasesAndConditions>EndocrineAndMetabolicDiseases>HormonalDisorders
1769825	1820087	0.0015917100245133042	Hobbies&Interests>ParanormalPhenomena
1769825	1820087	0.0009364184224978089	VideoGaming>VideoGameGenres>SimulationVideoGames
1769825	1820087	0.0009338728850707412	MedicalHealth>DiseasesAndConditions>SleepDisorders
1769825	1820087	0.0007452949066646397	FamilyAndRelationships>Parenting>ParentingBabiesAndToddlers
1769825	1820087	0.0006511055980809033	Technology&Computing>Robotics
1769825	1820087	0.000605403445661068	Technology&Computing>Computing>ProgrammingLanguages
1769825	1820087	0.0005374569445848465	MedicalHealth>MedicalTests
1820150	1875007	0.42204853892326355	Technology&Computing>ArtificialIntelligence
1820150	1875007	0.01631510816514492	Technology&Computing>Computing
1820150	1875007	0.012815512716770172	Technology&Computing>Computing>ProgrammingLanguages
1820150	1875007	0.003484127577394247	Technology&Computing>Robotics
1820150	1875007	0.0006981182377785444	Technology&Computing
1820150	1875007	0.0006370199844241142	MedicalHealth>DiseasesAndConditions>BrainAndNervousSystemDisorders
1820150	1875007	0.00025565127725712955	BusinessAndFinance>Industries>BiotechAndBiomedicalIndustry
1820150	1875007	0.00025019177701324224	Science>Physics
1820150	1875007	0.00024236382159870118	Hobbies&Interests>ParanormalPhenomena
1820150	1875007	0.00023776240414008498	MedicalHealth>DiseasesAndConditions>EndocrineAndMetabolicDiseases>HormonalDisorders
1875172	1942787	0.21003945171833038	MedicalHealth>DiseasesAndConditions>BrainAndNervousSystemDisorders
1875172	1942787	0.006896998733282089	Technology&Computing>ArtificialIntelligence
1875172	1942787	0.006367117166519165	MedicalHealth>DiseasesAndConditions>EndocrineAndMetabolicDiseases>HormonalDisorders
1875172	1942787	0.0036724619567394257	MedicalHealth>DiseasesAndConditions>SleepDisorders
1875172	1942787	0.0006867118063382804	MedicalHealth>DiseasesAndConditions>EyeAndVisionConditions
1875172	1942787	0.0005469589959830046	Hobbies&Interests>ParanormalPhenomena
1875172	1942787	0.0004300722212065011	FamilyAndRelationships>Parenting>ParentingBabiesAndToddlers
1875172	1942787	0.0003644378448370844	Technology&Computing>Robotics
1875172	1942787	0.00036390218883752823	MedicalHealth>MedicalTests
1875172	1942787	0.000344019295880571	MedicalHealth>DiseasesAndConditions>Injuries
1942850	2009887	0.3239457309246063	MedicalHealth>DiseasesAndConditions>EndocrineAndMetabolicDiseases>HormonalDisorders
1942850	2009887	0.12008506059646606	MedicalHealth>DiseasesAndConditions>BrainAndNervousSystemDisorders
1942850	2009887	0.015130301006138325	MedicalHealth>DiseasesAndConditions>EndocrineAndMetabolicDiseases
1942850	2009887	0.008733521215617657	MedicalHealth>DiseasesAndConditions>EndocrineAndMetabolicDiseases>ThyroidDisorders
1942850	2009887	0.0027661535423249006	MedicalHealth>DiseasesAndConditions>SleepDisorders
1942850	2009887	0.0008376348996534944	MedicalHealth>DiseasesAndConditions>EyeAndVisionConditions
1942850	2009887	0.00038446177495643497	MedicalHealth>DiseasesAndConditions>Ear,NoseAndThroatConditions
1942850	2009887	0.000357930752215907	Science>Genetics
1942850	2009887	0.0003178222104907036	MedicalHealth>MedicalTests
1942850	2009887	0.00024043419398367405	MedicalHealth>DiseasesAndConditions>Diabetes
2010037	2072752	0.0565047487616539	Hobbies&Interests>RadioControl
2010037	2072752	0.013003287836909294	Sports>ExtremeSports>Paintball
2010037	2072752	0.0008066718000918627	Technology&Computing>Robotics
2010037	2072752	0.0006786358426325023	BusinessAndFinance>Industries>DefenseIndustry
2010037	2072752	0.00066102429991588	Automotive>AutoParts
2010037	2072752	0.00038456733454950154	VideoGaming>VideoGameGenres>StrategyVideoGames
2010037	2072752	0.00026031769812107086	BusinessAndFinance>Business>Sales
2010037	2072752	0.00021280391956679523	BusinessAndFinance>Business>Logistics
2010037	2072752	0.0001748863433022052	Automotive>AutoBodyStyles>Off-RoadVehicles
2010037	2072752	0.00017278971790801734	BusinessAndFinance>Industries>AviationIndustry
2072932	2126562	0.2298728972673416	Hobbies&Interests>ParanormalPhenomena
2072932	2126562	0.007039062213152647	Science
2072932	2126562	0.006017640698701143	MedicalHealth>DiseasesAndConditions>EyeAndVisionConditions
2072932	2126562	0.00526428734883666	Religion&Spirituality>Astrology
2072932	2126562	0.002635372569784522	Technology&Computing>ArtificialIntelligence
2072932	2126562	0.0015788512537255883	Technology&Computing>VirtualReality
2072932	2126562	0.0010746982879936695	Science>Physics
2072932	2126562	0.0008836985798552632	Religion&Spirituality>Agnosticism
2072932	2126562	0.0008312438149005175	Religion&Spirituality>Spirituality
2072932	2126562	0.0008005320560187101	MedicalHealth>DiseasesAndConditions>SleepDisorders
2127212	2188662	0.3141494393348694	Technology&Computing>ArtificialIntelligence
2127212	2188662	0.04421354830265045	MedicalHealth>DiseasesAndConditions>BrainAndNervousSystemDisorders
2127212	2188662	0.004706053528934717	MedicalHealth>DiseasesAndConditions>EndocrineAndMetabolicDiseases>HormonalDisorders
2127212	2188662	0.003626699559390545	FamilyAndRelationships>Parenting>ParentingChildrenAged4-11
2127212	2188662	0.002669296693056822	MedicalHealth>DiseasesAndConditions>SleepDisorders
2127212	2188662	0.0018508945358917117	Hobbies&Interests>ParanormalPhenomena
2127212	2188662	0.0017569244373589754	FamilyAndRelationships>Parenting>ParentingBabiesAndToddlers
2127212	2188662	0.0010812918189913034	MedicalHealth>DiseasesAndConditions>EyeAndVisionConditions
2127212	2188662	0.0006534763379022479	Technology&Computing>Computing>Internet>InternetOfThings
2127212	2188662	0.0005723501672036946	FamilyAndRelationships>Parenting>ParentingTeens
2189462	2248022	0.006572952028363943	Science>Physics
2189462	2248022	0.0020925297867506742	Science>Chemistry
2189462	2248022	0.0011734002036973834	Travel>TravelType>RailTravel
2189462	2248022	0.0011717438464984298	BusinessAndFinance>Industries>PowerAndEnergyIndustry
2189462	2248022	0.00032758023007772863	Automotive>AutoType>GreenVehicles
2189462	2248022	0.00029133589123375714	Technology&Computing>Computing>ComputerNetworking
2189462	2248022	0.00021611977717839181	Automotive>AutoParts
2189462	2248022	0.00018201308557763696	PersonalFinance>HomeUtilities>GasAndElectric
2189462	2248022	0.00017963326536118984	Technology&Computing>Robotics
2189462	2248022	0.00015898540732450783	Education>EducationalAssessment
2248205	2302440	0.9726012349128723	Technology&Computing>Computing>DataStorageAndWarehousing
2248205	2302440	0.6624951362609863	Technology&Computing>Computing>ComputerSoftwareAndApplications>Databases
2248205	2302440	0.04104439914226532	Technology&Computing>Computing
2248205	2302440	0.024242421612143517	BusinessAndFinance>Business>BusinessI.T.
2248205	2302440	0.013214419595897198	Technology&Computing>Computing>ComputerSoftwareAndApplications
2248205	2302440	0.006137545686215162	Technology&Computing>Computing>ProgrammingLanguages
2248205	2302440	0.0028269283939152956	Technology&Computing>Computing>Internet>CloudComputing
2248205	2302440	0.0027604640927165747	BusinessAndFinance>Business>Logistics
2248205	2302440	0.002017265185713768	Technology&Computing>Computing>ComputerPeripherals
2248205	2302440	0.001875010784715414	BusinessAndFinance>Industries>InformationServicesIndustry
2302620	2360952	0.15828494727611542	VideoGaming>VideoGameGenres>SimulationVideoGames
2302620	2360952	0.018981175497174263	Technology&Computing>Computing>ProgrammingLanguages
2302620	2360952	0.0032876296900212765	Technology&Computing>Robotics
2302620	2360952	0.0021885919850319624	Technology&Computing>Computing>ComputerSoftwareAndApplications
2302620	2360952	0.0020523241255432367	Technology&Computing>Computing>ComputerSoftwareAndApplications>3-DGraphics
2302620	2360952	0.0018337297951802611	Technology&Computing>Computing>ComputerSoftwareAndApplications>OperatingSystems
2302620	2360952	0.0016001679468899965	Technology&Computing>Computing
2302620	2360952	0.001175571116618812	VideoGaming>VideoGameGenres>StrategyVideoGames
2302620	2360952	0.0010318229906260967	Technology&Computing>Computing>DataStorageAndWarehousing
2302620	2360952	0.0008813306340016425	BusinessAndFinance>Business>Sales
2361057	2419752	0.050550296902656555	Technology&Computing>ArtificialIntelligence
2361057	2419752	0.016555041074752808	VideoGaming>VideoGameGenres>PuzzleVideoGames
2361057	2419752	0.013050827197730541	Hobbies&Interests>GamesAndPuzzles
2361057	2419752	0.007241260726004839	Technology&Computing>Robotics
2361057	2419752	0.0041210828348994255	VideoGaming>VideoGameGenres>SimulationVideoGames
2361057	2419752	0.0017658199649304152	Automotive>AutoType>DriverlessCars
2361057	2419752	0.0010573952458798885	VideoGaming>VideoGameGenres>EducationalVideoGames
2361057	2419752	0.0008846413693390787	Pets>VeterinaryMedicine
2361057	2419752	0.0007848267559893429	Hobbies&Interests>GamesAndPuzzles>BoardGamesAndPuzzles
2361057	2419752	0.0005511146155185997	Hobbies&Interests>GamesAndPuzzles>RoleplayingGames
2419932	2482192	0.09225765615701675	Science>SpaceAndAstronomy
2419932	2482192	0.00357564608566463	NewsAndPolitics>Weather
2419932	2482192	0.0016930083511397243	Automotive>AutoTechnology>AutoNavigationSystems
2419932	2482192	0.0007309633074328303	Science>Geography
2419932	2482192	0.0005551314097829163	Technology&Computing>Robotics
2419932	2482192	0.00048670542309992015	Hobbies&Interests>RadioControl
2419932	2482192	0.00036156902206130326	Technology&Computing>AugmentedReality
2419932	2482192	0.0002576691622380167	Technology&Computing>VirtualReality
2419932	2482192	0.00025231900508515537	Pets>Birds
2419932	2482192	0.0002279059262946248	Technology&Computing>Computing>ComputerSoftwareAndApplications>3-DGraphics
2482240	2539025	0.0038577320519834757	Technology&Computing>Computing>ComputerSoftwareAndApplications>3-DGraphics
2482240	2539025	0.0023670876398682594	Technology&Computing>VirtualReality
2482240	2539025	0.002343188039958477	Technology&Computing>Robotics
2482240	2539025	0.0014736867742612958	Technology&Computing>AugmentedReality
2482240	2539025	0.0013061967911198735	VideoGaming>VideoGameGenres>PuzzleVideoGames
2482240	2539025	0.0008314125589095056	VideoGaming>VideoGameGenres>SimulationVideoGames
2482240	2539025	0.0008072031778283417	Hobbies&Interests>GamesAndPuzzles
2482240	2539025	0.0005973530351184309	Hobbies&Interests>Beekeeping
2482240	2539025	0.0003573778667487204	VideoGaming>VideoGameGenres>StrategyVideoGames
2482240	2539025	0.0003170659183524549	Technology&Computing>Computing>InformationAndNetworkSecurity
2539762	2601062	0.33782652020454407	VideoGaming>VideoGameGenres>PuzzleVideoGames
2539762	2601062	0.09013917297124863	Hobbies&Interests>GamesAndPuzzles
2539762	2601062	0.016386570408940315	Hobbies&Interests>GamesAndPuzzles>BoardGamesAndPuzzles
2539762	2601062	0.000840535678435117	Hobbies&Interests>GamesAndPuzzles>RoleplayingGames
2539762	2601062	0.0007234600489027798	VideoGaming>VideoGameGenres>Action-AdventureVideoGames
2539762	2601062	0.0003497018769849092	Science>Geography
2539762	2601062	0.0002968234766740352	VideoGaming>VideoGameGenres>StrategyVideoGames
2539762	2601062	0.00027157660224474967	VideoGaming>VideoGameGenres>AdventureVideoGames
2539762	2601062	0.00026992891798727214	VideoGaming>VideoGameGenres>EducationalVideoGames
2539762	2601062	0.0002486906014382839	VideoGaming>VideoGameGenres>ActionVideoGames
2601487	2662925	0.8553746342658997	PersonalFinance>PersonalInvesting>Options
2601487	2662925	0.0049934396520257	PersonalFinance>PersonalInvesting
2601487	2662925	0.0019325937610119581	PersonalFinance>PersonalInvesting>StocksAndBonds
2601487	2662925	0.0008740770281292498	BusinessAndFinance>Economy>Commodities
2601487	2662925	0.0007515111356042325	BusinessAndFinance>Economy>InterestRates
2601487	2662925	0.00049727747682482	BusinessAndFinance>Business>BusinessBanking&Finance>MergersAndAcquisitions
2601487	2662925	0.0004873753641732037	VideoGaming>VideoGameGenres>SimulationVideoGames
2601487	2662925	0.0004679837729781866	NewsAndPolitics>Politics
2601487	2662925	0.0004345445486251265	Religion&Spirituality>Spirituality
2601487	2662925	0.00039663456846028566	NewsAndPolitics>Politics>PoliticalIssues
2666245	2721362	0.09768244624137878	Technology&Computing>Robotics
2666245	2721362	0.005097612272948027	Technology&Computing>ArtificialIntelligence
2666245	2721362	0.002761503914371133	Hobbies&Interests>Beekeeping
2666245	2721362	0.0021206915844231844	BusinessAndFinance>Industries>BiotechAndBiomedicalIndustry
2666245	2721362	0.0014762234641239047	Science>BiologicalSciences
2666245	2721362	0.0004899031482636929	Science>Genetics
2666245	2721362	0.0004477490729186684	VideoGaming>VideoGameGenres>SimulationVideoGames
2666245	2721362	0.0004418345633894205	VideoGaming>VideoGameGenres>StrategyVideoGames
2666245	2721362	0.0003280249366071075	Technology&Computing>Computing>Internet>InternetOfThings
2666245	2721362	0.0002578217536211014	Technology&Computing>Computing>ProgrammingLanguages
2721862	2765837	0.025829320773482323	Hobbies&Interests>GamesAndPuzzles>CardGames
2721862	2765837	0.024859586730599403	Hobbies&Interests>GamesAndPuzzles>BoardGamesAndPuzzles
2721862	2765837	0.010381369851529598	Hobbies&Interests>GamesAndPuzzles
2721862	2765837	0.004355863202363253	VideoGaming>VideoGameGenres>PuzzleVideoGames
2721862	2765837	0.0003761698317248374	Hobbies&Interests>GamesAndPuzzles>RoleplayingGames
2721862	2765837	0.00022168086434248835	VideoGaming>VideoGameGenres>StrategyVideoGames
2721862	2765837	0.00015757187793496996	VideoGaming>VideoGameGenres>EducationalVideoGames
2721862	2765837	0.00013948902778793126	Sports>Snooker/Pool/Billiards
2721862	2765837	0.00011299362813588232	Sports>Darts
2721862	2765837	9.755554492585361e-05	Hobbies&Interests>MagicAndIllusion
2766262	2810602	0.9248680472373962	BusinessAndFinance>Industries>LogisticsAndTransportationIndustry
2766262	2810602	0.057397130876779556	Automotive>AutoBodyStyles>Off-RoadVehicles
2766262	2810602	0.04982325807213783	RealEstate>DevelopmentalSites
2766262	2810602	0.020796379074454308	Automotive>AutoTechnology>AutoSafetyTechnologies
2766262	2810602	0.015499957837164402	Automotive>Road-SideAssistance
2766262	2810602	0.013395135290920734	Automotive>AutoType>DriverlessCars
2766262	2810602	0.011461732909083366	Sports>Cycling
2766262	2810602	0.008254841901361942	Travel>TravelType>RailTravel
2766262	2810602	0.005548982881009579	Automotive>AutoTechnology>AutoNavigationSystems
2766262	2810602	0.004287501331418753	Automotive>AutoType>GreenVehicles
2810770	2848550	0.010297122411429882	PersonalFinance>PersonalInvesting>Options
2810770	2848550	0.007760859094560146	PersonalFinance>Insurance>LifeInsurance
2810770	2848550	0.006174200680106878	PersonalFinance>Insurance
2810770	2848550	0.0017008690629154444	PersonalFinance>PersonalTaxes
2810770	2848550	0.0014483911218121648	PersonalFinance>Insurance>HomeInsurance
2810770	2848550	0.0014250632375478745	NewsAndPolitics>Politics>Elections
2810770	2848550	0.0011612905655056238	PersonalFinance>Insurance>HealthInsurance
2810770	2848550	0.0008709311368875206	PersonalFinance>PersonalInvesting
2810770	2848550	0.0008328183321282268	PersonalFinance>RetirementPlanning
2810770	2848550	0.0005463373963721097	Shopping>LotteriesAndScratchcards
2854662	2897217	0.39967310428619385	MedicalHealth>DiseasesAndConditions>EndocrineAndMetabolicDiseases>HormonalDisorders
2854662	2897217	0.01160156074911356	MedicalHealth>DiseasesAndConditions>EndocrineAndMetabolicDiseases
2854662	2897217	0.0022278681863099337	MedicalHealth>DiseasesAndConditions>SleepDisorders
2854662	2897217	0.002065527020022273	MedicalHealth>DiseasesAndConditions>BrainAndNervousSystemDisorders
2854662	2897217	0.001918138936161995	MedicalHealth>DiseasesAndConditions>EndocrineAndMetabolicDiseases>Menopause
2854662	2897217	0.0010493167210370302	MedicalHealth>DiseasesAndConditions>EndocrineAndMetabolicDiseases>ThyroidDisorders
2854662	2897217	0.0008794260793365538	MedicalHealth>DiseasesAndConditions>SubstanceAbuse
2854662	2897217	0.0008637185674160719	Technology&Computing>VirtualReality
2854662	2897217	0.0008530079503543675	FamilyAndRelationships>Parenting>ParentingChildrenAged4-11
2854662	2897217	0.0005444937269203365	MedicalHealth>DiseasesAndConditions>Diabetes
2897265	2961057	0.00765201635658741	MedicalHealth>DiseasesAndConditions>EndocrineAndMetabolicDiseases>HormonalDisorders
2897265	2961057	0.006829796824604273	Technology&Computing>ArtificialIntelligence
2897265	2961057	0.0015730455052107573	MedicalHealth>MedicalTests
2897265	2961057	0.0012628951808437705	FamilyAndRelationships>Parenting>ParentingBabiesAndToddlers
2897265	2961057	0.0012414756929501891	Technology&Computing>Robotics
2897265	2961057	0.0011932185152545571	Hobbies&Interests>ParanormalPhenomena
2897265	2961057	0.0009247256093658507	VideoGaming>VideoGameGenres>ExerciseAndFitnessVideoGames
2897265	2961057	0.0008517205715179443	FamilyAndRelationships>Parenting>ParentingChildrenAged4-11
2897265	2961057	0.0007690507336519659	MedicalHealth>DiseasesAndConditions>BrainAndNervousSystemDisorders
2897265	2961057	0.000714033842086792	VideoGaming>VideoGameGenres>SimulationVideoGames
2961135	3026732	0.10509172081947327	MedicalHealth>DiseasesAndConditions>BrainAndNervousSystemDisorders
2961135	3026732	0.05424895137548447	MedicalHealth>DiseasesAndConditions>EyeAndVisionConditions
2961135	3026732	0.004948305431753397	MedicalHealth>DiseasesAndConditions>SleepDisorders
2961135	3026732	0.0017256340943276882	Technology&Computing>VirtualReality
2961135	3026732	0.0014679610030725598	Hobbies&Interests>ParanormalPhenomena
2961135	3026732	0.0010997767094522715	Technology&Computing>ArtificialIntelligence
2961135	3026732	0.0005555249517783523	MedicalHealth>DiseasesAndConditions>EndocrineAndMetabolicDiseases>HormonalDisorders
2961135	3026732	0.0005267458618618548	Technology&Computing>Robotics
2961135	3026732	0.0003749301831703633	MedicalHealth>DiseasesAndConditions>Injuries
2961135	3026732	0.0001866536622401327	VideoGaming>VideoGameGenres>MMOs
3026897	3073037	0.029332276433706284	Religion&Spirituality>Buddhism
3026897	3073037	0.020710362121462822	HealthyLiving>Wellness>AlternativeMedicine
3026897	3073037	0.01195356622338295	HealthyLiving>Wellness>AlternativeMedicine>HolisticHealth
3026897	3073037	0.008455492556095123	BusinessAndFinance>Economy>InterestRates
3026897	3073037	0.002708978019654751	HealthyLiving
3026897	3073037	0.002497920533642173	PersonalFinance>PersonalInvesting
3026897	3073037	0.0015441197901964188	BusinessAndFinance>Industries>PharmaceuticalIndustry
3026897	3073037	0.0013164053671061993	PersonalFinance>FrugalLiving
3026897	3073037	0.0012691746233031154	HealthyLiving>Wellness>SmokingCessation
3026897	3073037	0.0012642840156331658	Religion&Spirituality>Spirituality
3073187	3129112	0.5062330365180969	PersonalFinance>RetirementPlanning
3073187	3129112	0.43869346380233765	PersonalFinance>PersonalInvesting
3073187	3129112	0.15322096645832062	PersonalFinance>PersonalInvesting>Options
3073187	3129112	0.15135611593723297	PersonalFinance>Insurance>LifeInsurance
3073187	3129112	0.06026114523410797	PersonalFinance
3073187	3129112	0.036733828485012054	PersonalFinance>Insurance
3073187	3129112	0.018368085846304893	PersonalFinance>FinancialPlanning
3073187	3129112	0.010850837454199791	BusinessAndFinance>Economy>InterestRates
3073187	3129112	0.0074915639124810696	PersonalFinance>PersonalInvesting>HedgeFunds
3073187	3129112	0.003515566699206829	PersonalFinance>Insurance>HomeInsurance
3131562	860817	0.04920842871069908	BusinessAndFinance>Economy>Commodities
3131562	860817	0.014496575109660625	BusinessAndFinance>Economy
3131562	860817	0.012762677855789661	PersonalFinance>PersonalInvesting
3131562	860817	0.010231846943497658	EventsAndAttractions>PoliticalEvent
3131562	860817	0.005457923281937838	VideoGaming>VideoGameGenres>SimulationVideoGames
3131562	860817	0.00478059146553278	NewsAndPolitics>Disasters
3131562	860817	0.0036878876853734255	Science>Geography
3131562	860817	0.0035498514771461487	BusinessAndFinance>Economy>FinancialCrisis
3131562	860817	0.003111370839178562	NewsAndPolitics>Politics>WarAndConflicts
3131562	860817	0.002510183257982135	NewsAndPolitics>Politics>PoliticalIssues
3174537	3241537	0.7172555923461914	MedicalHealth>DiseasesAndConditions>ReproductiveHealth>Infertility
3174537	3241537	0.044288862496614456	MedicalHealth>DiseasesAndConditions>ReproductiveHealth>Pregnancy
3174537	3241537	0.020956676453351974	Science>Genetics
3174537	3241537	0.009106435813009739	BusinessAndFinance>Industries>BiotechAndBiomedicalIndustry
3174537	3241537	0.008554540574550629	EventsAndAttractions>PersonalCelebrations&LifeEvents>Birth
3174537	3241537	0.0053236111998558044	MedicalHealth>DiseasesAndConditions>ReproductiveHealth>BirthControl
3174537	3241537	0.0019576421473175287	MedicalHealth>DiseasesAndConditions>EndocrineAndMetabolicDiseases>Menopause
3174537	3241537	0.001254196627996862	MedicalHealth>DiseasesAndConditions>SexualHealth
3174537	3241537	0.0008772045257501304	Automotive>AutoType>ConceptCars
3174537	3241537	0.0007653353386558592	MedicalHealth>DiseasesAndConditions>EndocrineAndMetabolicDiseases>HormonalDisorders
3243762	3320775	0.027132108807563782	Technology&Computing>ArtificialIntelligence
3243762	3320775	0.014719130471348763	Technology&Computing>Computing
3243762	3320775	0.012687000446021557	Technology&Computing>Computing>ProgrammingLanguages
3243762	3320775	0.010532017797231674	VideoGaming>VideoGameGenres>PuzzleVideoGames
3243762	3320775	0.007724708411842585	Hobbies&Interests>GamesAndPuzzles
3243762	3320775	0.006741093471646309	VideoGaming>VideoGameGenres>SimulationVideoGames
3243762	3320775	0.005635679233819246	Technology&Computing>Robotics
3243762	3320775	0.0019087063847109675	Hobbies&Interests>GamesAndPuzzles>BoardGamesAndPuzzles
3243762	3320775	0.0007774449186399579	Technology&Computing>Computing>ComputerSoftwareAndApplications
3243762	3320775	0.0004520477377809584	BusinessAndFinance>Industries>MechanicalAndIndustrialEngineeringIndustry
3321200	3409512	0.9125768542289734	Technology&Computing>Computing>ProgrammingLanguages
3321200	3409512	0.17798438668251038	Technology&Computing>Computing>Internet>WebDevelopment
3321200	3409512	0.15064917504787445	Technology&Computing>Computing>Internet>WebDesignAndHTML
3321200	3409512	0.027559883892536163	Technology&Computing>ArtificialIntelligence
3321200	3409512	0.018346883356571198	Technology&Computing>Computing
3321200	3409512	0.004340922925621271	Technology&Computing>Computing>ComputerSoftwareAndApplications
3321200	3409512	0.003240502206608653	Technology&Computing>Computing>ComputerSoftwareAndApplications>Databases
3321200	3409512	0.0024149443488568068	Technology&Computing>Computing>ComputerSoftwareAndApplications>DesktopPublishing
3321200	3409512	0.0022739646956324577	FineArt>Design
3321200	3409512	0.0018452615477144718	Technology&Computing>Computing>DataStorageAndWarehousing
3410237	3492612	0.017036307603120804	Home&Garden>SmartHome
3410237	3492612	0.006604806520044804	Home&Garden>HomeSecurity
3410237	3492612	0.005086029879748821	Technology&Computing>Computing>ComputerSoftwareAndApplications
3410237	3492612	0.0032282222528010607	Technology&Computing>Computing>ProgrammingLanguages
3410237	3492612	0.0025884544011205435	Technology&Computing>ConsumerElectronics>WearableTechnology
3410237	3492612	0.002289719646796584	Technology&Computing>Computing>ComputerSoftwareAndApplications>3-DGraphics
3410237	3492612	0.0021009533666074276	Technology&Computing>Computing>Internet>InternetOfThings
3410237	3492612	0.002004767768085003	Home&Garden>HomeAppliances
3410237	3492612	0.0018903517629951239	Technology&Computing>Computing
3410237	3492612	0.00158611626829952	Technology&Computing>ArtificialIntelligence
3493337	3554812	0.048387229442596436	Technology&Computing>ArtificialIntelligence
3493337	3554812	0.004814495332539082	Technology&Computing>Computing
3493337	3554812	0.0036024851724505424	Technology&Computing>Computing>ProgrammingLanguages
3493337	3554812	0.0008523383876308799	Technology&Computing>Computing>ComputerSoftwareAndApplications>3-DGraphics
3493337	3554812	0.0007875818992033601	Technology&Computing>Robotics
3493337	3554812	0.0005929800681769848	Technology&Computing>Computing>ComputerSoftwareAndApplications>Databases
3493337	3554812	0.000577365979552269	Technology&Computing>Computing>DataStorageAndWarehousing
3493337	3554812	0.0003836550167761743	Science>Physics
3493337	3554812	0.00022060825722292066	Technology&Computing
3493337	3554812	0.0001637145905988291	Automotive>AutoType>DriverlessCars
3554887	3628887	0.186506450176239	Technology&Computing>ArtificialIntelligence
3554887	3628887	0.0036333517637103796	Science>Physics
3554887	3628887	0.003270562971010804	Hobbies&Interests>ParanormalPhenomena
3554887	3628887	0.0020702858455479145	Science
3554887	3628887	0.0008464454440400004	Technology&Computing>Computing>ProgrammingLanguages
3554887	3628887	0.0006180895725265145	Religion&Spirituality>Astrology
3554887	3628887	0.0003081928880419582	Technology&Computing>VirtualReality
3554887	3628887	0.0003012245870195329	Science>Chemistry
3554887	3628887	0.00028253195341676474	MedicalHealth>DiseasesAndConditions>SleepDisorders
3554887	3628887	0.00026570589398033917	Technology&Computing>Computing
3630212	3706155	0.820766270160675	Technology&Computing>Computing>ProgrammingLanguages
3630212	3706155	0.2504637837409973	Technology&Computing>ArtificialIntelligence
3630212	3706155	0.0162151288241148	Technology&Computing>Computing
3630212	3706155	0.005202470812946558	Education>LanguageLearning
3630212	3706155	0.0018704470712691545	Technology&Computing>Computing>Internet>WebDevelopment
3630212	3706155	0.0017054172931239009	Technology&Computing>Computing>ComputerSoftwareAndApplications
3630212	3706155	0.0016489609843119979	Technology&Computing>Computing>ComputerSoftwareAndApplications>DigitalAudio
3630212	3706155	0.0015233473386615515	Technology&Computing
3630212	3706155	0.0012368030147626996	Technology&Computing>Computing>ComputerSoftwareAndApplications>Databases
3630212	3706155	0.001097841770388186	Technology&Computing>Robotics
3706277	860817	0.9132113456726074	Technology&Computing>ArtificialIntelligence
3706277	860817	0.11923911422491074	Technology&Computing>Computing
3706277	860817	0.02144542522728443	Technology&Computing>Robotics
3706277	860817	0.013691974803805351	Technology&Computing
3706277	860817	0.0014328926336020231	Technology&Computing>Computing>Internet>InternetOfThings
3706277	860817	0.0013231119373813272	Technology&Computing>Computing>ProgrammingLanguages
3706277	860817	0.0007885322556830943	Automotive>AutoType>DriverlessCars
3706277	860817	0.0006671383162029088	BusinessAndFinance>Business>BusinessI.T.
3706277	860817	0.0005982493166811764	BusinessAndFinance>Industries>ManufacturingIndustry
3706277	860817	0.00042222277261316776	Home&Garden>SmartHome
3742275	3807850	0.0471872016787529	Technology&Computing>ArtificialIntelligence
3742275	3807850	0.008356256410479546	Technology&Computing>Computing
3742275	3807850	0.0062047080136835575	Technology&Computing>Robotics
3742275	3807850	0.0030750262085348368	Technology&Computing>Computing>ProgrammingLanguages
3742275	3807850	0.0007915282039903104	Technology&Computing>Computing>ComputerSoftwareAndApplications>Databases
3742275	3807850	0.0007292318623512983	Technology&Computing>Computing>DataStorageAndWarehousing
3742275	3807850	0.00040491472464054823	Technology&Computing>Computing>ComputerSoftwareAndApplications>OperatingSystems
3742275	3807850	0.0003808113106060773	Technology&Computing>Computing>ComputerSoftwareAndApplications>3-DGraphics
3742275	3807850	0.00035202340222895145	Technology&Computing>Computing>ComputerNetworking
3742275	3807850	0.00020516842778306454	Science>Physics
3809175	3848105	0.6742861866950989	Technology&Computing>ArtificialIntelligence
3809175	3848105	0.01872948743402958	BusinessAndFinance>Business>MarketingAndAdvertising
3809175	3848105	0.007945714518427849	BusinessAndFinance>Business>Sales
3809175	3848105	0.0033857114613056183	Shopping>SalesAndPromotions
3809175	3848105	0.0031487199012190104	Technology&Computing
3809175	3848105	0.00314693502150476	Technology&Computing>Robotics
3809175	3848105	0.0028293125797063112	Technology&Computing>Computing
3809175	3848105	0.0017070480389520526	MedicalHealth>DiseasesAndConditions>EndocrineAndMetabolicDiseases>HormonalDisorders
3809175	3848105	0.0010222932323813438	Technology&Computing>Computing>ProgrammingLanguages
3809175	3848105	0.0006498905131593347	Technology&Computing>Computing>Internet>InternetOfThings
3848240	3929675	0.03354296833276749	Technology&Computing>ArtificialIntelligence
3848240	3929675	0.012315201573073864	Technology&Computing>Computing>ProgrammingLanguages
3848240	3929675	0.00429165456444025	Science>Physics
3848240	3929675	0.0029914292972534895	Technology&Computing>Computing
3848240	3929675	0.0008897247607819736	Technology&Computing>Robotics
3848240	3929675	0.0006345268338918686	Technology&Computing>Computing>ComputerSoftwareAndApplications>3-DGraphics
3848240	3929675	0.0005901572294533253	Technology&Computing>Computing>DataStorageAndWarehousing
3848240	3929675	0.0005149565986357629	Technology&Computing>Computing>ComputerSoftwareAndApplications>Databases
3848240	3929675	0.0003832061483990401	VideoGaming>VideoGameGenres>SimulationVideoGames
3848240	3929675	0.0001874401787063107	MedicalHealth>DiseasesAndConditions>EndocrineAndMetabolicDiseases>HormonalDisorders
3930412	3983150	0.07855129987001419	Hobbies&Interests>ParanormalPhenomena
3930412	3983150	0.016974948346614838	Science>Physics
3930412	3983150	0.0068754758685827255	Science
3930412	3983150	0.006821243558079004	MedicalHealth>DiseasesAndConditions>BrainAndNervousSystemDisorders
3930412	3983150	0.005600779317319393	Religion&Spirituality>Astrology
3930412	3983150	0.004010280128568411	Technology&Computing>ArtificialIntelligence
3930412	3983150	0.002779872389510274	MedicalHealth>DiseasesAndConditions>SleepDisorders
3930412	3983150	0.0017734235152602196	Religion&Spirituality>Agnosticism
3930412	3983150	0.0014932702761143446	Religion&Spirituality>Spirituality
3930412	3983150	0.0012404372682794929	Technology&Computing>VirtualReality
3986587	4026342	0.43953996896743774	Hobbies&Interests>ParanormalPhenomena
3986587	4026342	0.010343648493289948	MedicalHealth>DiseasesAndConditions>SleepDisorders
3986587	4026342	0.004612279590219259	Technology&Computing>VirtualReality
3986587	4026342	0.0035900871735066175	MedicalHealth>DiseasesAndConditions>BrainAndNervousSystemDisorders
3986587	4026342	0.0022482227068394423	HealthyLiving>Wellness>AlternativeMedicine>HolisticHealth
3986587	4026342	0.001753907068632543	Religion&Spirituality>Spirituality
3986587	4026342	0.0011497156228870153	HealthyLiving>Wellness>AlternativeMedicine
3986587	4026342	0.0010280346032232046	MedicalHealth>MedicalTests
3986587	4026342	0.0009566001244820654	Religion&Spirituality>Astrology
3986587	4026342	0.0007867886452004313	Science>Physics
4026477	4089962	0.922322690486908	Technology&Computing>ArtificialIntelligence
4026477	4089962	0.004114305134862661	MedicalHealth>DiseasesAndConditions>BrainAndNervousSystemDisorders
4026477	4089962	0.003892287379130721	Technology&Computing
4026477	4089962	0.003845182480290532	Technology&Computing>Computing
4026477	4089962	0.002670802641659975	Technology&Computing>Robotics
4026477	4089962	0.001856742543168366	Hobbies&Interests>ParanormalPhenomena
4026477	4089962	0.0016013059066608548	Technology&Computing>Computing>ProgrammingLanguages
4026477	4089962	0.0011802539229393005	MedicalHealth>DiseasesAndConditions>EndocrineAndMetabolicDiseases>HormonalDisorders
4026477	4089962	0.0008017653017304838	Science
4026477	4089962	0.0006757471710443497	Science>Physics
4090462	4157400	0.3086054027080536	Science>Geology
4090462	4157400	0.008894242346286774	BusinessAndFinance>Industries>MetalsIndustry
4090462	4157400	0.0015019801212474704	MedicalHealth>DiseasesAndConditions>BoneAndJointConditions
4090462	4157400	0.0012371029006317258	Sports>ExtremeSports>Climbing
4090462	4157400	0.0010380652965977788	Technology&Computing>Computing>ComputerSoftwareAndApplications>3-DGraphics
4090462	4157400	0.0008014838676899672	Science>Physics
4090462	4157400	0.0006349563482217491	Science>Chemistry
4090462	4157400	0.00058225286193192	Science>SpaceAndAstronomy
4090462	4157400	0.0005814986652694643	Science>Geography
4090462	4157400	0.0005000069504603744	Science>BiologicalSciences
4158125	4214087	0.0256514810025692	Technology&Computing>ArtificialIntelligence
4158125	4214087	0.01226580236107111	Technology&Computing>Computing>ProgrammingLanguages
4158125	4214087	0.004630465060472488	Technology&Computing>Computing>ComputerSoftwareAndApplications>Databases
4158125	4214087	0.004130061250180006	Technology&Computing>Computing>DataStorageAndWarehousing
4158125	4214087	0.002474695211276412	Technology&Computing>Computing
4158125	4214087	0.0005403897957876325	Science
4158125	4214087	0.0003524530620779842	Science>Physics
4158125	4214087	0.00035126428701914847	Technology&Computing>Robotics
4158125	4214087	0.0003181996871717274	Technology&Computing>Computing>ComputerSoftwareAndApplications>3-DGraphics
4158125	4214087	0.00019804765179287642	Science>Genetics
4217037	4282350	0.009127733297646046	Technology&Computing>Computing>ComputerSoftwareAndApplications>Databases
4217037	4282350	0.004109825938940048	Technology&Computing>Computing>DataStorageAndWarehousing
4217037	4282350	0.001062943134456873	Technology&Computing>Computing>ProgrammingLanguages
4217037	4282350	0.0009235329926013947	Science>Genetics
4217037	4282350	0.0005022244295105338	Technology&Computing>Computing>ComputerSoftwareAndApplications>3-DGraphics
4217037	4282350	0.00021581212058663368	Science>Physics
4217037	4282350	0.00016016386507544667	Technology&Computing>Computing
4217037	4282350	0.00012654105375986546	VideoGaming>VideoGameGenres>SimulationVideoGames
4217037	4282350	0.00012252156739123166	Technology&Computing>Computing>ComputerSoftwareAndApplications>OperatingSystems
4217037	4282350	0.00010267552715959027	Education>EducationalAssessment
4285850	2904325	0.002401099307462573	Technology&Computing>Computing>ComputerSoftwareAndApplications>Databases
4285850	2904325	0.0009714215411804616	Technology&Computing>Computing>DataStorageAndWarehousing
4285850	2904325	0.0008343080407939851	Science>Physics
4285850	2904325	0.0005235418793745339	Technology&Computing>Computing>ProgrammingLanguages
4285850	2904325	0.0003338773094583303	PersonalFinance>PersonalInvesting>Options
4285850	2904325	0.0003085848002228886	VideoGaming>VideoGameGenres>SimulationVideoGames
4285850	2904325	0.00022912101121619344	Technology&Computing>Computing>ComputerSoftwareAndApplications>3-DGraphics
4285850	2904325	0.00020491659233812243	Science>Genetics
4285850	2904325	0.00020441002561710775	PersonalFinance>PersonalInvesting
4285850	2904325	0.00020265800412744284	MedicalHealth>MedicalTests
4348250	4413182	0.38107454776763916	Technology&Computing>ArtificialIntelligence
4348250	4413182	0.2738812565803528	Home&Garden>SmartHome
4348250	4413182	0.053699277341365814	Technology&Computing>Computing
4348250	4413182	0.03536996990442276	Technology&Computing>Computing>Internet>InternetOfThings
4348250	4413182	0.03113403171300888	Technology&Computing>Robotics
4348250	4413182	0.006768237799406052	Home&Garden>HomeAppliances
4348250	4413182	0.004741082899272442	Technology&Computing>Computing>ProgrammingLanguages
4348250	4413182	0.003975032828748226	Technology&Computing>Computing>Internet>CloudComputing
4348250	4413182	0.0033727074041962624	Technology&Computing>Computing>ComputerSoftwareAndApplications>OperatingSystems
4348250	4413182	0.0030426117591559887	Technology&Computing>Computing>ComputerSoftwareAndApplications
4413272	4486697	0.42808830738067627	Technology&Computing>ArtificialIntelligence
4413272	4486697	0.003364215139299631	Technology&Computing>Robotics
4413272	4486697	0.0029408573172986507	Technology&Computing>Computing
4413272	4486697	0.0010812300024554133	Science>Genetics
4413272	4486697	0.0007742845918983221	Science
4413272	4486697	0.0007677882676944137	Science>BiologicalSciences
4413272	4486697	0.000593283330090344	Technology&Computing>Computing>ProgrammingLanguages
4413272	4486697	0.0005248636589385569	Hobbies&Interests>ParanormalPhenomena
4413272	4486697	0.0004102115926798433	MedicalHealth>DiseasesAndConditions>EndocrineAndMetabolicDiseases>HormonalDisorders
4413272	4486697	0.0003547255473677069	BusinessAndFinance>Industries>BiotechAndBiomedicalIndustry
4486892	860817	0.019669439643621445	Technology&Computing>ArtificialIntelligence
4486892	860817	0.005452294368296862	Science>Physics
4486892	860817	0.00231868214905262	Technology&Computing>Robotics
4486892	860817	0.0018764061387628317	Technology&Computing>Computing
4486892	860817	0.0016778295394033194	VideoGaming>VideoGameGenres>SimulationVideoGames
4486892	860817	0.0016333309467881918	MedicalHealth>DiseasesAndConditions>BrainAndNervousSystemDisorders
4486892	860817	0.0007514678291045129	Technology&Computing>Computing>DataStorageAndWarehousing
4486892	860817	0.0006340535474009812	MedicalHealth>DiseasesAndConditions>EndocrineAndMetabolicDiseases>HormonalDisorders
4486892	860817	0.00048029105528257787	Technology&Computing>Computing>ComputerSoftwareAndApplications>3-DGraphics
4486892	860817	0.00038067487184889615	Technology&Computing>VirtualReality
4556085	4600750	0.0108875697478652	Technology&Computing>ConsumerElectronics>WearableTechnology
4556085	4600750	0.004243025556206703	Technology&Computing>ArtificialIntelligence
4556085	4600750	0.002531228121370077	Technology&Computing>Computing>ComputerPeripherals
4556085	4600750	0.002477598376572132	PersonalFinance>PersonalDebt>CreditCards
4556085	4600750	0.002067162422463298	MedicalHealth>MedicalTests
4556085	4600750	0.0016626684227958322	PersonalFinance>HomeUtilities>PhoneServices
4556085	4600750	0.001550740678794682	Automotive>AutoTechnology>AutoNavigationSystems
4556085	4600750	0.00119643600191921	Technology&Computing>Computing>ComputerSoftwareAndApplications>DigitalAudio
4556085	4600750	0.001164755318313837	Hobbies&Interests>ContentProduction>AudioProduction
4556085	4600750	0.0011110700434073806	Technology&Computing>ConsumerElectronics
4606737	4657825	0.9750892519950867	Technology&Computing>ArtificialIntelligence
4606737	4657825	0.09156449884176254	Technology&Computing>Computing
4606737	4657825	0.01785683073103428	Technology&Computing>Computing>ProgrammingLanguages
4606737	4657825	0.014542239718139172	Technology&Computing
4606737	4657825	0.009074372239410877	Technology&Computing>Computing>ComputerSoftwareAndApplications>3-DGraphics
4606737	4657825	0.0034826896153390408	Technology&Computing>Robotics
4606737	4657825	0.002944391220808029	Technology&Computing>Computing>DataStorageAndWarehousing
4606737	4657825	0.0020574245136231184	Science
4606737	4657825	0.0017036392819136381	Technology&Computing>Computing>ComputerSoftwareAndApplications>Databases
4606737	4657825	0.00164997938554734	FineArt>DigitalArts
4658412	4711937	0.9633896946907043	Technology&Computing>Robotics
4658412	4711937	0.9591244459152222	Technology&Computing>ArtificialIntelligence
4658412	4711937	0.5287004113197327	Technology&Computing
4658412	4711937	0.14115679264068604	BusinessAndFinance>Industries>BiotechAndBiomedicalIndustry
4658412	4711937	0.1284811645746231	Technology&Computing>Computing
4658412	4711937	0.03709619864821434	BusinessAndFinance>Industries>TechnologyIndustry
4658412	4711937	0.016783524304628372	Technology&Computing>Computing>ComputerSoftwareAndApplications>3-DGraphics
4658412	4711937	0.014311574399471283	BusinessAndFinance>Industries>MechanicalAndIndustrialEngineeringIndustry
4658412	4711937	0.011933842673897743	FineArt>DigitalArts
4658412	4711937	0.008701051585376263	VideoGaming>VideoGameGenres>SimulationVideoGames
4716200	4767670	0.9847331643104553	Home&Garden>SmartHome
4716200	4767670	0.5349656939506531	Technology&Computing>Computing>Internet>InternetOfThings
4716200	4767670	0.22910824418067932	Home&Garden>HomeSecurity
4716200	4767670	0.04864375665783882	Technology&Computing>ArtificialIntelligence
4716200	4767670	0.014163987711071968	Home&Garden>HomeAppliances
4716200	4767670	0.004924176260828972	Technology&Computing>Robotics
4716200	4767670	0.004053677432239056	Technology&Computing>Computing
4716200	4767670	0.0038343556225299835	Technology&Computing>Computing>ComputerSoftwareAndApplications>OperatingSystems
4716200	4767670	0.0024417333770543337	Technology&Computing>Computing>Internet>CloudComputing
4716200	4767670	0.0020694464910775423	Automotive>AutoTechnology>AutoInfotainmentTechnologies
4767760	4833975	0.992337167263031	Technology&Computing>Robotics
4767760	4833975	0.3878111243247986	Technology&Computing>ArtificialIntelligence
4767760	4833975	0.001321679912507534	Automotive>AutoType>DriverlessCars
4767760	4833975	0.0009609863045625389	Technology&Computing
4767760	4833975	0.0005715668085031211	Technology&Computing>Computing
4767760	4833975	0.0005365857505239546	Hobbies&Interests>RadioControl
4767760	4833975	0.0005324934609234333	Technology&Computing>Computing>Internet>InternetOfThings
4767760	4833975	0.00046639947686344385	Automotive>AutoBodyStyles>Off-RoadVehicles
4767760	4833975	0.00046579743502661586	Hobbies&Interests>Beekeeping
4767760	4833975	0.0003503378829918802	Automotive>AutoTechnology>AutoNavigationSystems
4842162	4896387	0.9162552356719971	Technology&Computing>AugmentedReality
4842162	4896387	0.8654391169548035	Technology&Computing>Computing>ComputerSoftwareAndApplications>3-DGraphics
4842162	4896387	0.1718045175075531	Technology&Computing>VirtualReality
4842162	4896387	0.044949356466531754	Technology&Computing>Computing>ComputerSoftwareAndApplications>ComputerAnimation
4842162	4896387	0.014693074859678745	Technology&Computing>Computing>ComputerSoftwareAndApplications>GraphicsSoftware
4842162	4896387	0.010597712360322475	Technology&Computing>Computing
4842162	4896387	0.010295373387634754	FineArt>DigitalArts
4842162	4896387	0.01017154473811388	Technology&Computing>ArtificialIntelligence
4842162	4896387	0.008362795226275921	FineArt>Design
4842162	4896387	0.005713151302188635	Technology&Computing>Robotics
4896525	4922447	0.9915716648101807	Technology&Computing>ArtificialIntelligence
4896525	4922447	0.03123893216252327	Technology&Computing>Computing
4896525	4922447	0.021238721907138824	Technology&Computing
4896525	4922447	0.005385104101151228	Science
4896525	4922447	0.0025627692230045795	Technology&Computing>Computing>ProgrammingLanguages
4896525	4922447	0.0025492869317531586	Technology&Computing>Robotics
4896525	4922447	0.0020988828036934137	Science>BiologicalSciences
4896525	4922447	0.00141759286634624	Science>Physics
4896525	4922447	0.0008874048944562674	Science>Genetics
4896525	4922447	0.0008194201509468257	Hobbies&Interests>ParanormalPhenomena
4922567	4988650	0.9602721333503723	Technology&Computing>ArtificialIntelligence
4922567	4988650	0.046528615057468414	Technology&Computing>Robotics
4922567	4988650	0.02157513052225113	VideoGaming>VideoGameGenres>SimulationVideoGames
4922567	4988650	0.017674027010798454	Technology&Computing>Computing
4922567	4988650	0.0036860296968370676	Hobbies&Interests>GamesAndPuzzles
4922567	4988650	0.0031241269316524267	FamilyAndRelationships>Parenting>ParentingBabiesAndToddlers
4922567	4988650	0.0027099482249468565	VideoGaming>VideoGameGenres>EducationalVideoGames
4922567	4988650	0.0026922656688839197	Automotive>AutoType>DriverlessCars
4922567	4988650	0.0025636625941842794	Technology&Computing>Computing>ProgrammingLanguages
4922567	4988650	0.0015934174880385399	Pets>Dogs
4989462	5041987	0.05997774377465248	Hobbies&Interests>Beekeeping
4989462	5041987	0.033258162438869476	Technology&Computing>ArtificialIntelligence
4989462	5041987	0.0061724865809082985	Hobbies&Interests>Birdwatching
4989462	5041987	0.005218541715294123	Sports>HuntingAndShooting
4989462	5041987	0.005077945534139872	Technology&Computing>Robotics
4989462	5041987	0.005013806279748678	Pets>Birds
4989462	5041987	0.0040294877253472805	Pets>LargeAnimals
4989462	5041987	0.0030097137205302715	BusinessAndFinance>Industries>BiotechAndBiomedicalIndustry
4989462	5041987	0.0028552848380059004	Pets>VeterinaryMedicine
4989462	5041987	0.0015378615353256464	BusinessAndFinance>Business>Sales
5042862	5098300	0.95355623960495	Technology&Computing>VirtualReality
5042862	5098300	0.3854818046092987	Technology&Computing>AugmentedReality
5042862	5098300	0.13015088438987732	Technology&Computing>ArtificialIntelligence
5042862	5098300	0.0900888741016388	VideoGaming>VideoGameGenres>SimulationVideoGames
5042862	5098300	0.02986975573003292	Technology&Computing>Robotics
5042862	5098300	0.015188378281891346	VideoGaming>VideoGameGenres>ExerciseAndFitnessVideoGames
5042862	5098300	0.00969737395644188	VideoGaming>VideoGameGenres>EducationalVideoGames
5042862	5098300	0.0026489757001399994	Hobbies&Interests>ParanormalPhenomena
5042862	5098300	0.001974904676899314	VideoGaming>VideoGameGenres>MMOs
5042862	5098300	0.0016757326666265726	Technology&Computing>Computing>ComputerSoftwareAndApplications>3-DGraphics
5098662	5137617	0.25713714957237244	Technology&Computing>ArtificialIntelligence
5098662	5137617	0.00244781537912786	Technology&Computing>Computing>ProgrammingLanguages
5098662	5137617	0.0020119769033044577	Science>Physics
5098662	5137617	0.0011888715671375394	Technology&Computing>Computing
5098662	5137617	0.0008390723960474133	Science
5098662	5137617	0.0006911840755492449	Hobbies&Interests>ParanormalPhenomena
5098662	5137617	0.0003813275252468884	Technology&Computing>Computing>ComputerSoftwareAndApplications>3-DGraphics
5098662	5137617	0.000352117553120479	Technology&Computing>Robotics
5098662	5137617	0.0003002551675308496	VideoGaming>VideoGameGenres>SimulationVideoGames
5098662	5137617	0.00028528636903502047	Science>Genetics
5137815	5171267	0.030652422457933426	Technology&Computing>Robotics
5137815	5171267	0.0201240386813879	Technology&Computing>ArtificialIntelligence
5137815	5171267	0.010755615308880806	Science>Physics
5137815	5171267	0.003393304767087102	VideoGaming>VideoGameGenres>SimulationVideoGames
5137815	5171267	0.002696376293897629	Technology&Computing>Computing
5137815	5171267	0.002591637661680579	Science>SpaceAndAstronomy
5137815	5171267	0.0023335146252065897	NewsAndPolitics>Weather
5137815	5171267	0.0016679656691849232	Technology&Computing>VirtualReality
5137815	5171267	0.0010768638458102942	Technology&Computing>Computing>ComputerSoftwareAndApplications>3-DGraphics
5137815	5171267	0.0006932954420335591	Technology&Computing>AugmentedReality
5171402	5239387	0.9422162771224976	Technology&Computing>VirtualReality
5171402	5239387	0.16118118166923523	Technology&Computing>AugmentedReality
5171402	5239387	0.023555917665362358	Technology&Computing>Robotics
5171402	5239387	0.01822691224515438	MedicalHealth>DiseasesAndConditions>BrainAndNervousSystemDisorders
5171402	5239387	0.004270052537322044	Hobbies&Interests>ParanormalPhenomena
5171402	5239387	0.003819558070972562	Technology&Computing>ArtificialIntelligence
5171402	5239387	0.0014817435294389725	MedicalHealth>DiseasesAndConditions>SleepDisorders
5171402	5239387	0.0012459097197279334	VideoGaming>VideoGameGenres>SimulationVideoGames
5171402	5239387	0.0012275511398911476	VideoGaming>VideoGameGenres>MMOs
5171402	5239387	0.0006773810600861907	Technology&Computing>Computing>ComputerSoftwareAndApplications>WebConferencing
5239737	5287847	0.6844419836997986	Technology&Computing>ArtificialIntelligence
5239737	5287847	0.19103987514972687	Technology&Computing>Robotics
5239737	5287847	0.011316089890897274	Technology&Computing>Computing
5239737	5287847	0.004809834994375706	BusinessAndFinance>Industries>BiotechAndBiomedicalIndustry
5239737	5287847	0.001781544997356832	Technology&Computing
5239737	5287847	0.001580572803504765	VideoGaming>VideoGameGenres>SimulationVideoGames
5239737	5287847	0.0011766107054427266	Technology&Computing>Computing>Internet>InternetOfThings
5239737	5287847	0.0009806056041270494	Hobbies&Interests>Beekeeping
5239737	5287847	0.0008561946451663971	Technology&Computing>VirtualReality
5239737	5287847	0.0007657238165847957	Science>BiologicalSciences
5287967	5335397	0.04922940209507942	Technology&Computing>ArtificialIntelligence
5287967	5335397	0.014251676388084888	Technology&Computing>Computing>Internet>InternetOfThings
5287967	5335397	0.005626913160085678	Technology&Computing>Robotics
5287967	5335397	0.0011812346056103706	MedicalHealth>DiseasesAndConditions>InfectiousDiseases
5287967	5335397	0.001088698161765933	Technology&Computing>Computing
5287967	5335397	0.0006534131243824959	Home&Garden>SmartHome
5287967	5335397	0.0005929608014412224	MedicalHealth>DiseasesAndConditions>BrainAndNervousSystemDisorders
5287967	5335397	0.0004791396495420486	Hobbies&Interests>Beekeeping
5287967	5335397	0.0004705025057774037	Technology&Computing
5287967	5335397	0.00041879332275129855	Technology&Computing>Computing>ComputerNetworking
5335517	5392912	0.5401350259780884	MedicalHealth>DiseasesAndConditions>BrainAndNervousSystemDisorders
5335517	5392912	0.005693071521818638	MedicalHealth>DiseasesAndConditions>EyeAndVisionConditions
5335517	5392912	0.004539054352790117	MedicalHealth>DiseasesAndConditions>SleepDisorders
5335517	5392912	0.0024304306134581566	FamilyAndRelationships>Parenting>ParentingBabiesAndToddlers
5335517	5392912	0.002166069345548749	MedicalHealth>DiseasesAndConditions>EndocrineAndMetabolicDiseases>HormonalDisorders
5335517	5392912	0.0012629516422748566	MedicalHealth>DiseasesAndConditions>Injuries
5335517	5392912	0.0008477147785015404	Technology&Computing>VirtualReality
5335517	5392912	0.0007938573253341019	Technology&Computing>ArtificialIntelligence
5335517	5392912	0.0007773149409331381	Hobbies&Interests>ParanormalPhenomena
5335517	5392912	0.00077679508831352	FamilyAndRelationships>Parenting>ParentingChildrenAged4-11
5393337	5458987	0.642711341381073	Technology&Computing>ArtificialIntelligence
5393337	5458987	0.002532161306589842	Hobbies&Interests>ParanormalPhenomena
5393337	5458987	0.0023499741218984127	MedicalHealth>DiseasesAndConditions>BrainAndNervousSystemDisorders
5393337	5458987	0.0015562508488073945	Science
5393337	5458987	0.001230205874890089	Science>Physics
5393337	5458987	0.0010974920587614179	Technology&Computing>Computing
5393337	5458987	0.0006637716433033347	MedicalHealth>DiseasesAndConditions>EndocrineAndMetabolicDiseases>HormonalDisorders
5393337	5458987	0.0006413439405150712	Technology&Computing>Computing>ProgrammingLanguages
5393337	5458987	0.000601234205532819	Technology&Computing>Robotics
5393337	5458987	0.0005357067566365004	MedicalHealth>DiseasesAndConditions>SleepDisorders
5460612	5509767	0.9290339350700378	Technology&Computing>VirtualReality
5460612	5509767	0.13539589941501617	Technology&Computing>AugmentedReality
5460612	5509767	0.07251862436532974	Hobbies&Interests>ParanormalPhenomena
5460612	5509767	0.0360378623008728	MedicalHealth>DiseasesAndConditions>BrainAndNervousSystemDisorders
5460612	5509767	0.016947852447628975	VideoGaming>VideoGameGenres>SimulationVideoGames
5460612	5509767	0.006447366904467344	Technology&Computing>ArtificialIntelligence
5460612	5509767	0.003761175088584423	Science>Physics
5460612	5509767	0.0031692779157310724	VideoGaming>VideoGameGenres>MMOs
5460612	5509767	0.0023040869273245335	MedicalHealth>DiseasesAndConditions>SleepDisorders
5460612	5509767	0.0019559005741029978	Technology&Computing>ConsumerElectronics>WearableTechnology
5509890	5571775	0.0403757207095623	Pets>VeterinaryMedicine
5509890	5571775	0.01614784263074398	MedicalHealth>DiseasesAndConditions>EndocrineAndMetabolicDiseases>Menopause
5509890	5571775	0.014391078613698483	Pets>LargeAnimals
5509890	5571775	0.010351837612688541	MedicalHealth>DiseasesAndConditions>ReproductiveHealth>Infertility
5509890	5571775	0.007767975330352783	BusinessAndFinance>Economy>Commodities
5509890	5571775	0.0071401651948690414	MedicalHealth>DiseasesAndConditions>EndocrineAndMetabolicDiseases>HormonalDisorders
5509890	5571775	0.0068840705789625645	BusinessAndFinance>Industries>BiotechAndBiomedicalIndustry
5509890	5571775	0.004059462808072567	MedicalHealth>DiseasesAndConditions>ReproductiveHealth>BirthControl
5509890	5571775	0.0033772687893360853	Pets>Birds
5509890	5571775	0.002870604395866394	PersonalFinance>PersonalInvesting>StocksAndBonds
5572887	5625175	0.07131738215684891	BusinessAndFinance>Industries>BiotechAndBiomedicalIndustry
5572887	5625175	0.04380515590310097	Science>Chemistry
5572887	5625175	0.0379004068672657	Technology&Computing>Robotics
5572887	5625175	0.0038233064115047455	Science>BiologicalSciences
5572887	5625175	0.0019089626148343086	Science>Physics
5572887	5625175	0.0006289236480370164	BusinessAndFinance>Industries>MechanicalAndIndustrialEngineeringIndustry
5572887	5625175	0.0005017811199650168	Pets>VeterinaryMedicine
5572887	5625175	0.0003621642536018044	VideoGaming>VideoGameGenres>SimulationVideoGames
5572887	5625175	0.0003459285944700241	Technology&Computing>ArtificialIntelligence
5572887	5625175	0.00028617525822483003	MedicalHealth>PharmaceuticalDrugs
5630862	5683652	0.05508958175778389	Science>Physics
5630862	5683652	0.007025057915598154	VideoGaming>VideoGameGenres>SimulationVideoGames
5630862	5683652	0.0062027969397604465	PersonalFinance>PersonalInvesting
5630862	5683652	0.0021175574511289597	PersonalFinance>PersonalInvesting>StocksAndBonds
5630862	5683652	0.0018125147325918078	Technology&Computing>Computing>ProgrammingLanguages
5630862	5683652	0.0015586036024615169	Science
5630862	5683652	0.001392198959365487	PersonalFinance>PersonalInvesting>Options
5630862	5683652	0.0011666718637570739	Technology&Computing>Computing
5630862	5683652	0.0007561769452877343	EventsAndAttractions>PoliticalEvent
5630862	5683652	0.0006548432284034789	BusinessAndFinance>Economy>InterestRates
5683757	5744437	0.011286136694252491	Technology&Computing>ArtificialIntelligence
5683757	5744437	0.0017337193712592125	Science>Genetics
5683757	5744437	0.0008961517596617341	Science>Physics
5683757	5744437	0.0007452630088664591	Technology&Computing>Computing>ProgrammingLanguages
5683757	5744437	0.0004937040503136814	Science
5683757	5744437	0.00046801991993561387	MedicalHealth>DiseasesAndConditions>EndocrineAndMetabolicDiseases>HormonalDisorders
5683757	5744437	0.00033648399403318763	Education>EducationalAssessment
5683757	5744437	0.0002800862421281636	Technology&Computing>Computing>ComputerSoftwareAndApplications>Databases
5683757	5744437	0.000265708687948063	Technology&Computing>Computing
5683757	5744437	0.0002389774308539927	Technology&Computing>Computing>DataStorageAndWarehousing
5744787	5809955	0.1802336722612381	MedicalHealth>DiseasesAndConditions>BrainAndNervousSystemDisorders
5744787	5809955	0.009261260740458965	Technology&Computing>ArtificialIntelligence
5744787	5809955	0.00218910351395607	FamilyAndRelationships>Parenting>ParentingBabiesAndToddlers
5744787	5809955	0.001265773898921907	FamilyAndRelationships>Parenting>ParentingChildrenAged4-11
5744787	5809955	0.0010665750596672297	MedicalHealth>DiseasesAndConditions>EndocrineAndMetabolicDiseases>HormonalDisorders
5744787	5809955	0.0008192780078388751	MedicalHealth>DiseasesAndConditions>SleepDisorders
5744787	5809955	0.0005766378599219024	MedicalHealth>DiseasesAndConditions>EyeAndVisionConditions
5744787	5809955	0.0004707582120317966	Education>LanguageLearning
5744787	5809955	0.00038769966340623796	Science
5744787	5809955	0.00030151245300658047	Technology&Computing>VirtualReality
5810015	5855360	0.48824217915534973	Technology&Computing>ArtificialIntelligence
5810015	5855360	0.22613872587680817	MedicalHealth>DiseasesAndConditions>BrainAndNervousSystemDisorders
5810015	5855360	0.02503545768558979	Technology&Computing>Robotics
5810015	5855360	0.005238605663180351	MedicalHealth>DiseasesAndConditions>EndocrineAndMetabolicDiseases>HormonalDisorders
5810015	5855360	0.0015028177294880152	Technology&Computing
5810015	5855360	0.001254505943506956	MedicalHealth>DiseasesAndConditions>SleepDisorders
5810015	5855360	0.000968708423897624	Technology&Computing>Computing
5810015	5855360	0.0008290952537208796	Technology&Computing>VirtualReality
5810015	5855360	0.0007829995593056083	BusinessAndFinance>Industries>BiotechAndBiomedicalIndustry
5810015	5855360	0.0007777987630106509	Hobbies&Interests>ParanormalPhenomena
5855480	5880690	0.0736900344491005	Technology&Computing>ArtificialIntelligence
5855480	5880690	0.007670025806874037	Technology&Computing>Computing>ProgrammingLanguages
5855480	5880690	0.0029075283091515303	Technology&Computing>Computing
5855480	5880690	0.0004258912813384086	Technology&Computing>Computing>ComputerSoftwareAndApplications>Databases
5855480	5880690	0.0003242509556002915	Science>Genetics
5855480	5880690	0.00031475559808313847	Technology&Computing>Robotics
5855480	5880690	0.0002647745131980628	Technology&Computing>Computing>DataStorageAndWarehousing
5855480	5880690	0.00023316698207054287	Technology&Computing>Computing>ComputerSoftwareAndApplications>3-DGraphics
5855480	5880690	0.0001612866180948913	Science
5855480	5880690	0.000156467838678509	Science>Physics
5880857	5920020	0.036598168313503265	MedicalHealth>DiseasesAndConditions>BrainAndNervousSystemDisorders
5880857	5920020	0.019976630806922913	Hobbies&Interests>ParanormalPhenomena
5880857	5920020	0.013904726132750511	Technology&Computing>ArtificialIntelligence
5880857	5920020	0.005774311255663633	MedicalHealth>DiseasesAndConditions>SleepDisorders
5880857	5920020	0.0036792007740586996	Religion&Spirituality>Agnosticism
5880857	5920020	0.0020478845108300447	Religion&Spirituality
5880857	5920020	0.0015068292850628495	Religion&Spirituality>Spirituality
5880857	5920020	0.0013451772974804044	FamilyAndRelationships>Parenting>ParentingChildrenAged4-11
5880857	5920020	0.0012827616883441806	Science
5880857	5920020	0.0011833986500278115	MedicalHealth>DiseasesAndConditions>EyeAndVisionConditions
5920172	5973945	0.9617876410484314	MedicalHealth>DiseasesAndConditions>BrainAndNervousSystemDisorders
5920172	5973945	0.018720226362347603	MedicalHealth>DiseasesAndConditions>EndocrineAndMetabolicDiseases>HormonalDisorders
5920172	5973945	0.012340434826910496	FamilyAndRelationships>Parenting>ParentingBabiesAndToddlers
5920172	5973945	0.011564481072127819	MedicalHealth>DiseasesAndConditions>SleepDisorders
5920172	5973945	0.006149983964860439	FamilyAndRelationships>Parenting>ParentingChildrenAged4-11
5920172	5973945	0.002553340280428529	MedicalHealth>DiseasesAndConditions>EyeAndVisionConditions
5920172	5973945	0.0012932743411511183	Technology&Computing>ArtificialIntelligence
5920172	5973945	0.0011256712023168802	MedicalHealth>DiseasesAndConditions>EndocrineAndMetabolicDiseases
5920172	5973945	0.0006480214069597423	MedicalHealth>DiseasesAndConditions>Injuries
5920172	5973945	0.0005721807829104364	Science
5974022	6040075	0.9842074513435364	Technology&Computing>ArtificialIntelligence
5974022	6040075	0.0485917292535305	Technology&Computing>Robotics
5974022	6040075	0.007638688664883375	Technology&Computing
5974022	6040075	0.00585202407091856	Technology&Computing>Computing
5974022	6040075	0.0015245983377099037	VideoGaming>VideoGameGenres>SimulationVideoGames
5974022	6040075	0.0010799849405884743	MedicalHealth>DiseasesAndConditions>BrainAndNervousSystemDisorders
5974022	6040075	0.0009110377286560833	Hobbies&Interests>ParanormalPhenomena
5974022	6040075	0.0006124022183939815	Technology&Computing>Computing>ProgrammingLanguages
5974022	6040075	0.0005903873243369162	Technology&Computing>VirtualReality
5974022	6040075	0.000582739245146513	Science>Physics
6042825	6096025	0.2370397448539734	Science
6042825	6096025	0.19567972421646118	Technology&Computing>ArtificialIntelligence
6042825	6096025	0.011530203744769096	FamilyAndRelationships>Parenting>ParentingChildrenAged4-11
6042825	6096025	0.01058174017816782	MedicalHealth>DiseasesAndConditions>BrainAndNervousSystemDisorders
6042825	6096025	0.007356477901339531	Science>Physics
6042825	6096025	0.00557717215269804	FamilyAndRelationships>Parenting>ParentingBabiesAndToddlers
6042825	6096025	0.003313931170850992	Education>EarlyChildhoodEducation
6042825	6096025	0.002729741157963872	Science>BiologicalSciences
6042825	6096025	0.0023748711682856083	Technology&Computing>Computing
6042825	6096025	0.0019783475436270237	Technology&Computing
6097200	6149715	0.9406751394271851	Technology&Computing>ArtificialIntelligence
6097200	6149715	0.0047074900940060616	Technology&Computing>Robotics
6097200	6149715	0.004524377174675465	MedicalHealth>DiseasesAndConditions>BrainAndNervousSystemDisorders
6097200	6149715	0.0037574085872620344	Technology&Computing>Computing
6097200	6149715	0.0033143912442028522	Science>Physics
6097200	6149715	0.0023237462155520916	Technology&Computing
6097200	6149715	0.0013316699769347906	Hobbies&Interests>ParanormalPhenomena
6097200	6149715	0.0011375774629414082	VideoGaming>VideoGameGenres>SimulationVideoGames
6097200	6149715	0.0008523407741449773	Science
6097200	6149715	0.0005374231259338558	MedicalHealth>DiseasesAndConditions>SleepDisorders
6149807	6210850	0.1845875382423401	Science>Physics
6149807	6210850	0.008952479809522629	Technology&Computing>ArtificialIntelligence
6149807	6210850	0.003949831705540419	VideoGaming>VideoGameGenres>SimulationVideoGames
6149807	6210850	0.003700647270306945	Technology&Computing>Computing
6149807	6210850	0.0026275969576090574	Technology&Computing>Robotics
6149807	6210850	0.0016418414888903499	Technology&Computing>Computing>ProgrammingLanguages
6149807	6210850	0.0010210152249783278	Technology&Computing>VirtualReality
6149807	6210850	0.0008606690098531544	Science
6149807	6210850	0.0007087721605785191	Technology&Computing>Computing>ComputerSoftwareAndApplications>3-DGraphics
6149807	6210850	0.0005062591517344117	Science>Chemistry
6212250	6263085	0.8897469639778137	Technology&Computing>ArtificialIntelligence
6212250	6263085	0.4828595519065857	Technology&Computing>Computing
6212250	6263085	0.2846458852291107	Technology&Computing
6212250	6263085	0.03334508463740349	Technology&Computing>Robotics
6212250	6263085	0.026477988809347153	MedicalHealth>DiseasesAndConditions>BrainAndNervousSystemDisorders
6212250	6263085	0.022676924243569374	Technology&Computing>VirtualReality
6212250	6263085	0.021733634173870087	VideoGaming>VideoGameGenres>SimulationVideoGames
6212250	6263085	0.004574113991111517	Technology&Computing>Computing>ProgrammingLanguages
6212250	6263085	0.002982926554977894	BusinessAndFinance>Industries>TechnologyIndustry
6212250	6263085	0.002869604155421257	Technology&Computing>AugmentedReality
6263192	6303700	0.581614077091217	Science>Genetics
6263192	6303700	0.4164256751537323	Science
6263192	6303700	0.37053319811820984	Science>BiologicalSciences
6263192	6303700	0.0419592559337616	Science>Physics
6263192	6303700	0.010698914527893066	Science>Chemistry
6263192	6303700	0.0028262347914278507	MedicalHealth>DiseasesAndConditions>BrainAndNervousSystemDisorders
6263192	6303700	0.0015981086762621999	BusinessAndFinance>Industries>BiotechAndBiomedicalIndustry
6263192	6303700	0.0015096708666533232	Science>SpaceAndAstronomy
6263192	6303700	0.0014110234333202243	MedicalHealth>MedicalTests
6263192	6303700	0.0013022864004597068	MedicalHealth>DiseasesAndConditions>EndocrineAndMetabolicDiseases>HormonalDisorders
6304575	6360815	0.939445972442627	Technology&Computing>ArtificialIntelligence
6304575	6360815	0.008521155454218388	Technology&Computing>Computing
6304575	6360815	0.006777546368539333	Science
6304575	6360815	0.00600992189720273	Technology&Computing>Robotics
6304575	6360815	0.005113554652780294	Science>Physics
6304575	6360815	0.0046354238875210285	Technology&Computing
6304575	6360815	0.004539629444479942	Science>BiologicalSciences
6304575	6360815	0.0032774435821920633	BusinessAndFinance>Industries>BiotechAndBiomedicalIndustry
6304575	6360815	0.0029104272834956646	Science>Genetics
6304575	6360815	0.0016681570559740067	MedicalHealth>DiseasesAndConditions>BrainAndNervousSystemDisorders
6360995	6398125	0.034731801599264145	Science>Physics
6360995	6398125	0.024205250665545464	Technology&Computing>Computing>DataStorageAndWarehousing
6360995	6398125	0.01820424385368824	Technology&Computing>Computing>ProgrammingLanguages
6360995	6398125	0.015588907524943352	Technology&Computing>Computing>ComputerSoftwareAndApplications>Databases
6360995	6398125	0.011791708879172802	Technology&Computing>Computing
6360995	6398125	0.004843053407967091	Technology&Computing>Computing>ComputerSoftwareAndApplications>3-DGraphics
6360995	6398125	0.0024920590221881866	Science
6360995	6398125	0.002443204401060939	Science>Chemistry
6360995	6398125	0.0012100108433514833	Technology&Computing>ArtificialIntelligence
6360995	6398125	0.0008884412818588316	VideoGaming>VideoGameGenres>SimulationVideoGames
6398550	6450625	0.767886221408844	MedicalHealth>DiseasesAndConditions>BrainAndNervousSystemDisorders
6398550	6450625	0.016817012801766396	MedicalHealth>DiseasesAndConditions>EndocrineAndMetabolicDiseases>HormonalDisorders
6398550	6450625	0.003845599014312029	MedicalHealth>DiseasesAndConditions>SleepDisorders
6398550	6450625	0.0021803465206176043	FamilyAndRelationships>Parenting>ParentingBabiesAndToddlers
6398550	6450625	0.001614962238818407	MedicalHealth>DiseasesAndConditions>EyeAndVisionConditions
6398550	6450625	0.0011744630755856633	MedicalHealth>MedicalTests
6398550	6450625	0.0011743669165298343	Hobbies&Interests>ParanormalPhenomena
6398550	6450625	0.0009619321790523827	Technology&Computing>ArtificialIntelligence
6398550	6450625	0.0007378787267953157	MedicalHealth>DiseasesAndConditions>Ear,NoseAndThroatConditions
6398550	6450625	0.0007326764753088355	MedicalHealth>DiseasesAndConditions>EndocrineAndMetabolicDiseases>ThyroidDisorders
6454912	6494162	0.056175347417593	Technology&Computing>Computing>DataStorageAndWarehousing
6454912	6494162	0.00651936698704958	Technology&Computing>Computing>ComputerSoftwareAndApplications>Databases
6454912	6494162	0.0058522350154817104	VideoGaming>VideoGameGenres>SimulationVideoGames
6454912	6494162	0.005557715427130461	Technology&Computing>Computing
6454912	6494162	0.00468221353366971	Technology&Computing>Computing>ComputerSoftwareAndApplications>3-DGraphics
6454912	6494162	0.004098722245544195	Technology&Computing>Computing>ComputerSoftwareAndApplications
6454912	6494162	0.0014456701464951038	BusinessAndFinance>Business>BusinessOperations
6454912	6494162	0.001349566038697958	Technology&Computing>Computing>ProgrammingLanguages
6454912	6494162	0.0012745429994538426	BusinessAndFinance>Industries>ConstructionIndustry
6454912	6494162	0.0012333197519183159	RealEstate>DevelopmentalSites
6495187	6550257	0.8650959730148315	Technology&Computing>ArtificialIntelligence
6495187	6550257	0.03324815258383751	VideoGaming>VideoGameGenres>SimulationVideoGames
6495187	6550257	0.023124778643250465	Technology&Computing>Robotics
6495187	6550257	0.01356201060116291	Technology&Computing>Computing
6495187	6550257	0.0108185401186347	Technology&Computing>Computing>Internet>CloudComputing
6495187	6550257	0.010537968017160892	BusinessAndFinance>Business>BusinessOperations
6495187	6550257	0.0064933281391859055	Technology&Computing>Computing>Internet>InternetOfThings
6495187	6550257	0.003926417790353298	BusinessAndFinance>Business>BusinessI.T.
6495187	6550257	0.0028708321042358875	Technology&Computing>Computing>DataStorageAndWarehousing
6495187	6550257	0.0025583545211702585	Technology&Computing
6550422	6622647	0.05997198075056076	Hobbies&Interests>GamesAndPuzzles
6550422	6622647	0.05396254360675812	VideoGaming>VideoGameGenres>StrategyVideoGames
6550422	6622647	0.01915433444082737	Hobbies&Interests>GamesAndPuzzles>RoleplayingGames
6550422	6622647	0.007223302964121103	VideoGaming>VideoGameGenres>SimulationVideoGames
6550422	6622647	0.005820742808282375	Hobbies&Interests>GamesAndPuzzles>BoardGamesAndPuzzles
6550422	6622647	0.002583099761977792	Technology&Computing>ArtificialIntelligence
6550422	6622647	0.0009304814739152789	VideoGaming>VideoGameGenres>PuzzleVideoGames
6550422	6622647	0.0008454588241875172	EventsAndAttractions>PoliticalEvent
6550422	6622647	0.0006384032894857228	NewsAndPolitics>Politics>PoliticalIssues
6550422	6622647	0.0004631003539543599	PersonalFinance>PersonalInvesting
6622692	6666812	0.9177356958389282	PersonalFinance>FinancialPlanning
6622692	6666812	0.03243684768676758	BusinessAndFinance>Business>BusinessOperations
6622692	6666812	0.006271860562264919	RealEstate>DevelopmentalSites
6622692	6666812	0.003590610809624195	BusinessAndFinance>Business>BusinessAccounting&Finance
6622692	6666812	0.003498213365674019	PersonalFinance
6622692	6666812	0.0029120438266545534	PersonalFinance>RetirementPlanning
6622692	6666812	0.0016501711215823889	BusinessAndFinance>Business>ExecutiveLeadership&Management
6622692	6666812	0.0011746437521651387	BusinessAndFinance>Business>Sales
6622692	6666812	0.0009795499499887228	PersonalFinance>PersonalInvesting
6622692	6666812	0.000768980011343956	BusinessAndFinance>Business>BusinessAdministration
6667537	6715937	0.7503138780593872	Technology&Computing>ArtificialIntelligence
6667537	6715937	0.010609730146825314	Technology&Computing
6667537	6715937	0.003547683358192444	Technology&Computing>Robotics
6667537	6715937	0.002954920055344701	Science
6667537	6715937	0.0021817455999553204	VideoGaming>VideoGameGenres>SimulationVideoGames
6667537	6715937	0.0016235188813880086	Religion&Spirituality>Spirituality
6667537	6715937	0.0014197233831509948	BusinessAndFinance>Industries>TechnologyIndustry
6667537	6715937	0.0013641404220834374	Religion&Spirituality>Astrology
6667537	6715937	0.00093038659542799	EventsAndAttractions>PoliticalEvent
6667537	6715937	0.0008080840925686061	PersonalFinance>FinancialPlanning
6716437	6771725	0.07619377225637436	Technology&Computing>ArtificialIntelligence
6716437	6771725	0.018873116001486778	FamilyAndRelationships>Parenting>ParentingChildrenAged4-11
6716437	6771725	0.006583556532859802	FamilyAndRelationships>Parenting>ParentingBabiesAndToddlers
6716437	6771725	0.005504738073796034	Science
6716437	6771725	0.0036258588079363108	FamilyAndRelationships>Bereavement
6716437	6771725	0.0025846075732260942	MedicalHealth>DiseasesAndConditions>EyeAndVisionConditions
6716437	6771725	0.0019091753056272864	VideoGaming>VideoGameGenres>EducationalVideoGames
6716437	6771725	0.0013323576422408223	Science>Genetics
6716437	6771725	0.001130376709625125	Education>HomeworkAndStudy
6716437	6771725	0.0010730226058512926	VideoGaming>VideoGameGenres>SimulationVideoGames
860192	6823672	0.9280167818069458	Technology&Computing>VirtualReality
860192	6823672	0.6405595541000366	Technology&Computing>AugmentedReality
860192	6823672	0.10488902777433395	Technology&Computing>Robotics
860192	6823672	0.02032424323260784	Technology&Computing>ArtificialIntelligence
860192	6823672	0.0065613421611487865	MedicalHealth>DiseasesAndConditions>BrainAndNervousSystemDisorders
860192	6823672	0.0028592844028025866	Technology&Computing>Computing>ComputerSoftwareAndApplications>3-DGraphics
860192	6823672	0.0028060523327440023	VideoGaming>VideoGameGenres>SimulationVideoGames
860192	6823672	0.0020320939365774393	Technology&Computing>ConsumerElectronics>WearableTechnology
860192	6823672	0.0015183136565610766	Technology&Computing
860192	6823672	0.0011990275233983994	MedicalHealth>DiseasesAndConditions>EyeAndVisionConditions
6823855	6881162	0.7180061340332031	Pets>Reptiles
6823855	6881162	0.20206424593925476	MedicalHealth>DiseasesAndConditions>BrainAndNervousSystemDisorders
6823855	6881162	0.0524858683347702	Pets>Birds
6823855	6881162	0.026650873944163322	EventsAndAttractions>PersonalCelebrations&LifeEvents>Birth
6823855	6881162	0.007973471656441689	MedicalHealth>DiseasesAndConditions>EndocrineAndMetabolicDiseases>HormonalDisorders
6823855	6881162	0.004575192928314209	MedicalHealth>DiseasesAndConditions>EyeAndVisionConditions
6823855	6881162	0.003600026248022914	FamilyAndRelationships>Parenting>ParentingBabiesAndToddlers
6823855	6881162	0.0028958236798644066	MedicalHealth>DiseasesAndConditions>SleepDisorders
6823855	6881162	0.00182647246401757	Pets>Cats
6823855	6881162	0.0014293635031208396	Hobbies&Interests>Birdwatching
1067362	6912712	0.8657287955284119	BusinessAndFinance>Business>ExecutiveLeadership&Management
1067362	6912712	0.4817507266998291	BusinessAndFinance>Industries>ManagementConsultingIndustry
1067362	6912712	0.026791857555508614	BusinessAndFinance>Business>BusinessOperations
1067362	6912712	0.01941741444170475	BusinessAndFinance>Business>BusinessBanking&Finance>MergersAndAcquisitions
1067362	6912712	0.013731093145906925	BusinessAndFinance>Business>HumanResources
1067362	6912712	0.005565999075770378	Technology&Computing>Computing>ComputerSoftwareAndApplications>WebConferencing
1067362	6912712	0.0044810352846980095	Careers>CareerPlanning
1067362	6912712	0.003297181101515889	EventsAndAttractions>PoliticalEvent
1067362	6912712	0.0031473746057599783	BusinessAndFinance>Business>Startups
1067362	6912712	0.0027417787350714207	BusinessAndFinance>Business>BusinessAdministration
